,ddg,pdb_code,chain,position,from_aa,to_aa
0,-1.8,1a0f,A,11,S,A
1,-2.69,1a7v,A,104,A,H
2,-1.98,1a7v,A,66,A,H
3,-1.7,1a7v,A,91,A,H
4,-1.36,1a7v,A,3,D,H
5,-2.05,1a7v,A,58,D,H
6,-3.01,1a7v,A,73,E,H
7,-0.6,1a7v,A,13,K,H
8,-2.88,1a7v,A,20,K,H
9,-1.36,1a7v,A,31,K,H
10,-1.86,1a7v,A,39,K,H
11,-2.02,1a7v,A,49,K,H
12,-2.88,1a7v,A,84,K,H
13,-1.97,1a7v,A,97,K,H
14,-1.745,1ba3,A,461,H,D
15,0.287,1ba3,A,489,H,D
16,-0.287,1ba3,A,489,H,K
17,-0.263,1ba3,A,489,H,M
18,-0.7,1bfm,A,35,M,W
19,-0.4,1bfm,A,35,M,Y
20,-0.821,1bnl,A,76,D,A
21,-0.04,1d5g,A,71,H,Y
22,0.91,1d5g,A,20,I,F
23,-0.46,1div,A,23,D,A
24,-0.58,1div,A,23,D,N
25,-0.3,1div,A,8,D,N
26,-0.98,1div,A,100,E,A
27,-1.52,1div,A,100,E,G
28,-0.21,1div,A,17,E,Q
29,-0.56,1div,A,38,E,Q
30,0.03,1div,A,48,E,Q
31,0.33,1div,A,54,E,Q
32,-1.53,1div,A,106,H,Q
33,-0.34,1div,A,134,H,Q
34,-0.56,1div,A,144,H,Q
35,-3.52,1div,A,115,I,A
36,-2.88,1div,A,121,I,A
37,-2.22,1div,A,4,I,A
38,-0.59,1div,A,4,I,V
39,-3.49,1div,A,79,I,A
40,-3.19,1div,A,93,I,A
41,-4.28,1div,A,98,I,A
42,0.05,1div,A,10,K,M
43,0.01,1div,A,14,K,M
44,-0.31,1div,A,15,K,M
45,0.35,1div,A,7,K,M
46,0.61,1div,A,96,K,A
47,-0.2,1div,A,96,K,G
48,-2.37,1div,A,102,L,A
49,-2.33,1div,A,108,L,A
50,-3.21,1div,A,110,L,A
51,-0.82,1div,A,117,L,A
52,-2.94,1div,A,133,L,A
53,-3.56,1div,A,141,L,A
54,-2.76,1div,A,30,L,A
55,-3.62,1div,A,30,L,V
56,-3.1,1div,A,6,L,A
57,-0.13,1div,A,6,L,I
58,-0.41,1div,A,6,L,V
59,-3.77,1div,A,72,L,A
60,-1.46,1div,A,1,M,A
61,-2.36,1div,A,1,M,G
62,-1.81,1div,A,129,V,A
63,-1.93,1div,A,131,V,A
64,-2.41,1div,A,137,V,A
65,-3.25,1div,A,143,V,A
66,-1.92,1div,A,145,V,A
67,-2.33,1div,A,21,V,A
68,-0.4,1div,A,21,V,I
69,-1.23,1div,A,21,V,L
70,-2.55,1div,A,3,V,A
71,-0.31,1div,A,3,V,I
72,-2.21,1div,A,3,V,L
73,-3.7,1dxx,A,18,K,N
74,-1.0,1ekg,A,198,L,C
75,-2.0,1ekg,A,200,L,C
76,1.0,1ekg,A,203,L,C
77,-2.6,1ekg,A,181,S,F
78,-0.455,1f8i,A,345,F,A
79,0.6,1fh5,H,18,S,N
80,4.0,1frd,A,42,H,R
81,-0.64,1ft8,A,264,I,V
82,-1.38,1ft8,A,212,L,V
83,-0.35,1ft8,A,238,L,I
84,-0.11,1ft8,A,267,L,I
85,-0.8,1ft8,A,293,L,I
86,-1.41,1ft8,A,293,L,V
87,-1.65,1ft8,A,315,L,A
88,-0.85,1ft8,A,317,L,I
89,-0.53,1ft8,A,348,L,I
90,0.05,1ft8,A,349,L,I
91,0.27,1ft8,A,216,M,L
92,0.32,1ft8,A,339,S,A
93,-0.16,1ft8,A,287,V,A
94,-1.1,1fxa,A,94,E,D
95,-0.4,1fxa,A,94,E,K
96,0.6,1fxa,A,94,E,Q
97,1.0,1fxa,A,95,E,K
98,-1.0,1fxa,A,65,F,A
99,-0.9,1fxa,A,65,F,I
100,-0.6,1fxa,A,65,F,W
101,-0.5,1fxa,A,65,F,Y
102,-2.4,1fxa,A,42,R,A
103,-1.4,1fxa,A,42,R,H
104,0.1,1fxa,A,48,T,A
105,-0.287,1g3p,A,147,A,K
106,-0.263,1g3p,A,160,D,A
107,-0.096,1g3p,A,160,D,C
108,-0.359,1g3p,A,160,D,E
109,-0.359,1g3p,A,160,D,F
110,-0.669,1g3p,A,160,D,G
111,0.048,1g3p,A,160,D,H
112,-0.932,1g3p,A,160,D,I
113,-0.335,1g3p,A,160,D,K
114,-0.55,1g3p,A,160,D,L
115,-0.502,1g3p,A,160,D,M
116,0.072,1g3p,A,160,D,N
117,-0.645,1g3p,A,160,D,P
118,-0.478,1g3p,A,160,D,Q
119,-0.669,1g3p,A,160,D,R
120,-0.287,1g3p,A,160,D,S
121,-0.741,1g3p,A,160,D,T
122,-1.123,1g3p,A,160,D,V
123,-0.167,1g3p,A,160,D,W
124,-0.072,1g3p,A,160,D,Y
125,-3.705,1g3p,A,136,F,V
126,0.765,1g3p,A,138,N,G
127,-0.43,1g3p,A,139,N,K
128,-2.032,1g3p,A,139,N,V
129,-1.793,1g3p,A,137,Q,N
130,0.263,1g3p,A,145,Q,N
131,0.765,1g3p,A,144,R,V
132,-1.22,1glu,A,500,C,A
133,-1.963,1gua,B,118,A,G
134,-1.951,1gua,B,118,A,L
135,-2.149,1gua,B,85,A,G
136,-0.863,1gua,B,97,A,G
137,0.283,1gua,B,81,C,A
138,-0.912,1gua,B,81,C,I
139,-0.08,1gua,B,95,C,A
140,-1.759,1gua,B,96,C,A
141,-0.043,1gua,B,96,C,L
142,-0.337,1gua,B,96,C,M
143,-0.706,1gua,B,117,D,A
144,-0.855,1gua,B,129,D,A
145,-0.493,1gua,B,80,D,A
146,0.021,1gua,B,104,E,A
147,-0.101,1gua,B,124,E,A
148,-0.591,1gua,B,125,E,A
149,-3.274,1gua,B,58,I,A
150,-1.299,1gua,B,58,I,F
151,-0.771,1gua,B,58,I,L
152,-0.327,1gua,B,109,K,A
153,-2.593,1gua,B,112,L,A
154,-2.534,1gua,B,121,L,A
155,-3.405,1gua,B,126,L,A
156,-3.46,1gua,B,62,L,A
157,-3.803,1gua,B,78,L,A
158,-3.529,1gua,B,82,L,A
159,-1.6,1gua,B,82,L,I
160,-1.7,1gua,B,82,L,V
161,-3.226,1gua,B,86,L,A
162,-1.575,1gua,B,91,L,A
163,-0.961,1gua,B,76,M,A
164,0.271,1gua,B,56,N,M
165,-1.14,1gua,B,64,N,A
166,-1.708,1gua,B,63,P,A
167,-0.082,1gua,B,93,P,A
168,-0.504,1gua,B,66,Q,A
169,-0.693,1gua,B,100,R,A
170,0.178,1gua,B,59,R,A
171,1.078,1gua,B,89,R,L
172,-1.573,1gua,B,77,S,A
173,0.581,1gua,B,77,S,T
174,-0.109,1gua,B,68,T,A
175,-3.368,1gua,B,128,V,A
176,-2.251,1gua,B,60,V,A
177,-1.116,1gua,B,69,V,A
178,-1.77,1gua,B,70,V,A
179,-1.052,1gua,B,72,V,A
180,-0.864,1gua,B,72,V,I
181,-1.981,1gua,B,98,V,A
182,-1.6,1gwy,A,8,A,D
183,-1.936,1h0x,A,18,P,A
184,-2.581,1h0x,A,62,P,A
185,-2.09,1hcq,A,67,C,A
186,-1.99,1hcq,A,67,C,S
187,0.4,1ioj,A,15,G,A
188,0.6,1ir3,A,1175,W,F
189,-3.3,1itm,A,24,C,T
190,-5.0,1itm,A,3,C,T
191,1.4,1itm,A,91,W,S
192,0.5,1iv7,B,173,A,C
193,-2.5,1iv7,B,189,F,C
194,-1.9,1iv7,B,162,L,C
195,4.299,1iv9,A,76,S,Y
196,0.1,1j8i,A,25,K,A
197,0.1,1j8i,A,66,K,A
198,0.8,1j8i,A,23,R,A
199,-0.1,1j8i,A,35,R,A
200,0.7,1j8i,A,43,R,A
201,-0.1,1j8i,A,9,R,A
202,-1.44,1jl9,A,25,A,C
203,-1.162,1jlv,A,64,E,D
204,-2.304,1jlv,A,64,E,N
205,-2.302,1jlv,A,64,E,Q
206,-1.697,1l6h,A,39,F,A
207,-0.55,1l6h,A,45,Y,A
208,-1.482,1l6h,A,48,Y,A
209,1.4,1lvm,A,106,E,G
210,0.43,1lvm,A,45,K,F
211,0.0,1lvm,A,56,L,V
212,0.6,1lvm,A,58,Q,F
213,0.0,1lvm,A,135,S,G
214,-2.5,1n18,A,100,E,G
215,-1.4,1n18,A,85,G,R
216,1.4,1n18,A,46,H,R
217,0.1,1n18,A,148,V,I
218,-1.39,1n88,A,21,F,A
219,-1.39,1n88,A,39,I,A
220,-2.79,1n88,A,80,I,A
221,-2.35,1n88,A,89,I,A
222,-1.52,1n88,A,8,I,V
223,-1.52,1n88,A,13,L,A
224,-1.11,1n88,A,57,L,A
225,-1.94,1n88,A,12,V,A
226,-2.84,1n88,A,30,V,A
227,-2.82,1n88,A,43,V,A
228,-2.83,1n88,A,49,V,A
229,-3.24,1n88,A,51,V,A
230,-3.73,1n88,A,54,V,A
231,-2.82,1n88,A,81,V,A
232,-3.1,1n88,A,83,V,A
233,0.06,1n88,A,18,Y,A
234,-4.61,1n88,A,26,Y,A
235,-0.88,1nm1,A,187,D,N
236,-1.9,1nm1,A,187,D,Y
237,-3.3,1o1u,A,110,E,A
238,-1.2,1o1u,A,61,N,A
239,-0.3,1o1u,A,51,Q,A
240,0.3,1o1u,A,99,Q,A
241,-1.2,1o1u,A,38,T,A
242,-1.2,1o1u,A,49,W,Y
243,-1.2,1o6x,A,31,A,G
244,-1.4,1o6x,A,50,A,G
245,0.36,1o6x,A,38,D,A
246,-0.3,1o6x,A,14,E,A
247,-1.42,1o6x,A,20,E,G
248,-1.88,1o6x,A,39,F,L
249,-0.98,1o6x,A,65,F,A
250,-0.61,1o6x,A,51,H,A
251,-0.43,1o6x,A,15,I,V
252,0.42,1o6x,A,23,I,V
253,-1.31,1o6x,A,71,I,V
254,-1.31,1o6x,A,75,I,A
255,-1.98,1o6x,A,41,K,A
256,-0.97,1o6x,A,26,L,V
257,-0.08,1o6x,A,58,N,A
258,-0.49,1o6x,A,60,Q,G
259,-1.1,1o6x,A,12,V,A
260,-1.08,1o6x,A,52,V,A
261,-1.1,1o6x,A,64,V,G
262,-2.78,1o6x,A,73,Y,L
263,-0.05,1osi,A,11,I,V
264,0.39,1osi,A,92,S,F
265,-2.25,1osi,A,126,V,M
266,-0.78,1osi,A,15,V,I
267,-1.53,1pfl,A,20,A,T
268,-1.96,1pfl,A,117,G,V
269,-3.53,1pfl,A,113,M,T
270,1.82,1pfl,A,138,Q,L
271,0.07,1pfl,A,108,T,M
272,-2.4,1pre,A,159,C,S
273,-0.17,1prg,A,460,E,K
274,-0.4,1prg,A,360,F,L
275,0.11,1prg,A,467,P,L
276,-0.3,1prg,A,286,Q,P
277,0.06,1prg,A,288,R,H
278,0.19,1prg,A,357,R,A
279,0.03,1prg,A,290,V,M
280,-4.2,1r2y,A,244,R,E
281,-0.13,1r6r,A,88,I,N
282,-2.81,1r6r,A,50,L,S
283,-0.24,1r6r,A,54,L,S
284,-6.84,1r6r,A,81,L,N
285,0.8,1spd,A,111,C,S
286,0.1,1spd,A,6,C,A
287,-4.1,1x0j,A,160,D,N
288,-4.02,1x0j,A,160,D,Y
289,-2.21,1x0j,A,161,D,N
290,-3.38,1x0j,A,161,D,Y
291,-3.48,1x0j,A,140,E,K
292,-5.22,1x0j,A,100,R,L
293,-6.49,1x0j,A,153,Y,H
294,-2.9,1xws,A,124,E,Q
295,-4.59,1xws,A,135,E,K
296,-3.22,1xws,A,142,E,D
297,-3.3,1xws,A,53,Y,H
298,0.358,1xxn,A,181,N,R
299,-0.86,1xxn,A,32,N,D
300,-0.645,1xxn,A,54,N,E
301,0.239,1xxn,A,22,S,E
302,-0.645,1xxn,A,27,S,E
303,2.87,1xzo,A,42,F,W
304,-2.89,1xzo,A,101,W,F
305,-8.93,1xzo,A,36,W,A
306,-4.25,1xzo,A,36,W,F
307,-0.717,2arf,A,1069,H,Q
308,-4.493,2bjd,A,84,V,D
309,-4.517,2bjd,A,84,V,P
310,-2.103,2bjd,A,86,Y,E
311,-0.012,2c9q,A,79,Y,F
312,-1.233,2c9q,A,79,Y,W
313,0.12,2clr,B,13,H,F
314,2.605,2clr,B,31,H,F
315,-1.912,2clr,B,51,H,F
316,-2.629,2clr,B,84,H,A
317,0.89,2dvv,A,443,Q,H
318,-0.02,2dvv,A,419,R,W
319,1.07,2h3f,A,12,E,A
320,-0.32,2hbb,A,22,A,G
321,-1.79,2hbb,A,26,A,G
322,-1.55,2hbb,A,36,A,G
323,-1.59,2hbb,A,39,A,G
324,-0.33,2hbb,A,42,A,G
325,-0.55,2hbb,A,46,A,G
326,-0.22,2hbb,A,49,A,G
327,-0.03,2hbb,A,23,D,A
328,-0.79,2hbb,A,23,D,N
329,-1.3,2hbb,A,8,D,A
330,-0.38,2hbb,A,8,D,N
331,-1.69,2hbb,A,17,E,A
332,-0.33,2hbb,A,17,E,Q
333,-0.41,2hbb,A,38,E,A
334,-0.68,2hbb,A,38,E,Q
335,0.07,2hbb,A,48,E,Q
336,-2.84,2hbb,A,31,F,A
337,-1.15,2hbb,A,5,F,L
338,0.02,2hbb,A,24,G,A
339,-1.02,2hbb,A,34,G,A
340,-2.05,2hbb,A,18,I,A
341,-0.07,2hbb,A,18,I,V
342,-1.28,2hbb,A,37,I,A
343,0.09,2hbb,A,37,I,V
344,-0.59,2hbb,A,4,I,V
345,0.13,2hbb,A,10,K,E
346,0.47,2hbb,A,10,K,M
347,0.61,2hbb,A,12,K,A
348,0.03,2hbb,A,12,K,G
349,1.8,2hbb,A,12,K,M
350,-0.73,2hbb,A,14,K,A
351,-1.3,2hbb,A,14,K,G
352,-0.34,2hbb,A,14,K,M
353,-1.74,2hbb,A,15,K,G
354,-0.44,2hbb,A,15,K,M
355,0.21,2hbb,A,7,K,M
356,-2.76,2hbb,A,30,L,A
357,-1.21,2hbb,A,35,L,A
358,-1.73,2hbb,A,44,L,A
359,-0.84,2hbb,A,47,L,A
360,-3.1,2hbb,A,6,L,A
361,-1.46,2hbb,A,1,M,A
362,-0.8,2hbb,A,40,T,S
363,-2.33,2hbb,A,21,V,A
364,-2.55,2hbb,A,3,V,A
365,-1.81,2hbb,A,9,V,A
366,2.997,2jie,A,170,C,A
367,2.581,2jie,A,170,C,Q
368,-2.075,2jie,A,157,E,D
369,4.247,2jie,A,167,E,A
370,-4.36,2jie,A,225,E,A
371,-1.515,2jie,A,225,E,H
372,0.825,2jie,A,409,E,A
373,-0.909,2jie,A,409,E,D
374,0.87,2jie,A,426,E,S
375,-0.165,2jie,A,418,F,A
376,1.536,2jie,A,104,H,R
377,1.241,2jie,A,247,I,E
378,0.974,2jie,A,247,I,N
379,-0.79,2jie,A,174,L,A
380,0.336,2jie,A,174,L,R
381,-4.098,2jie,A,224,M,A
382,-1.298,2jie,A,326,M,A
383,-3.397,2jie,A,166,N,A
384,-2.964,2jie,A,166,N,C
385,-0.671,2jie,A,223,N,A
386,3.462,2jie,A,223,N,G
387,2.583,2jie,A,223,N,H
388,3.976,2jie,A,223,N,R
389,5.73,2jie,A,223,N,Y
390,-2.25,2jie,A,296,N,A
391,-0.017,2jie,A,296,N,C
392,0.464,2jie,A,407,N,A
393,0.143,2jie,A,407,N,C
394,-0.209,2jie,A,22,Q,S
395,-0.166,2jie,A,243,R,A
396,0.213,2jie,A,243,R,D
397,-1.463,2jie,A,243,R,K
398,-1.246,2jie,A,17,S,A
399,0.951,2jie,A,19,S,A
400,-1.454,2jie,A,334,S,A
401,0.92,2jie,A,403,S,A
402,-0.994,2jie,A,18,T,A
403,3.189,2jie,A,221,T,A
404,-2.961,2jie,A,355,T,A
405,2.19,2jie,A,123,W,F
406,1.06,2jie,A,123,W,H
407,-1.159,2jie,A,328,W,A
408,-2.664,2jie,A,328,W,C
409,-2.573,2jie,A,328,W,H
410,-0.95,2jie,A,328,W,R
411,-0.36,2jie,A,402,W,C
412,2.615,2jie,A,402,W,R
413,0.599,2jie,A,412,W,Y
414,-3.443,2jie,A,21,Y,A
415,1.072,2jie,A,297,Y,A
416,-1.853,2jie,A,297,Y,F
417,-2.54,2juc,A,57,C,D
418,-0.71,2juc,A,57,C,S
419,-1.75,2juc,A,18,R,A
420,1.2,2kj3,A,288,D,A
421,1.9,2kj3,A,272,E,A
422,-0.8,2kj3,A,278,G,A
423,1.5,2kj3,A,229,K,A
424,1.0,2kj3,A,241,L,A
425,1.4,2kj3,A,273,S,A
426,1.0,2kj3,A,239,V,A
427,1.0,2kj3,A,264,V,A
428,0.2,2kj3,A,267,V,A
429,-1.26,2ks4,A,9,D,A
430,0.23,2ks4,A,2,E,A
431,-1.57,2ltb,A,558,L,P
432,-3.11,2ltb,A,569,L,R
433,-3.34,2ltb,A,619,M,K
434,-1.1,2ltb,A,533,R,Q
435,-0.36,2ltb,A,555,R,Q
436,1.79,2ltb,A,555,R,W
437,-4.0,2m5s,A,302,D,A
438,-2.0,2m5s,A,305,H,A
439,-0.24,2mpc,A,89,A,T
440,0.62,2mpc,A,42,R,A
441,2.08,2mpc,A,42,R,W
442,-0.6,2n7z,A,88,P,A
443,-2.0,2nte,A,738,I,V
444,-2.3,2nte,A,658,R,C
445,0.44,2ouo,A,420,A,D
446,0.5,2pr5,A,33,A,Y
447,-0.4,2pr5,A,81,A,M
448,0.3,2pr5,A,109,D,E
449,0.3,2pr5,A,22,H,K
450,1.2,2pr5,A,22,H,W
451,2.9,2pr5,A,111,M,F
452,0.9,2pr5,A,107,N,F
453,0.8,2pr5,A,107,N,Y
454,1.1,2pr5,A,124,N,F
455,2.6,2pr5,A,124,N,Y
456,0.5,2pr5,A,30,T,M
457,-0.5,2pr5,A,50,T,M
458,0.2,2pr5,A,54,T,Y
459,1.4,2pr5,A,120,V,I
460,0.4,2pr5,A,25,V,I
461,-0.2,2pr5,A,88,V,L
462,-0.7,2pr5,A,90,V,I
463,-2.43,2ptl,A,22,A,G
464,0.1,2ptl,A,27,A,P
465,-0.83,2ptl,A,27,A,V
466,-2.17,2ptl,A,34,A,G
467,1.47,2ptl,A,34,A,V
468,-2.54,2ptl,A,43,A,G
469,-3.1,2ptl,A,47,A,G
470,-1.32,2ptl,A,49,A,G
471,-3.12,2ptl,A,51,A,G
472,-0.49,2ptl,A,66,A,G
473,-1.21,2ptl,A,52,D,A
474,-2.14,2ptl,A,52,D,G
475,-0.2,2ptl,A,64,D,A
476,-0.59,2ptl,A,35,E,A
477,-1.19,2ptl,A,46,E,G
478,-1.08,2ptl,A,46,E,I
479,-0.23,2ptl,A,60,E,A
480,-3.12,2ptl,A,26,F,A
481,-0.68,2ptl,A,26,F,L
482,-4.15,2ptl,A,36,F,A
483,-3.12,2ptl,A,36,F,L
484,-3.08,2ptl,A,40,F,G
485,-0.38,2ptl,A,40,F,L
486,-3.34,2ptl,A,76,F,L
487,-3.73,2ptl,A,76,F,V
488,-1.52,2ptl,A,29,G,A
489,-2.53,2ptl,A,29,G,V
490,-2.08,2ptl,A,38,G,A
491,-2.23,2ptl,A,59,G,A
492,-2.04,2ptl,A,69,G,A
493,-4.9,2ptl,A,20,I,A
494,-0.56,2ptl,A,20,I,V
495,-1.37,2ptl,A,25,I,A
496,-0.47,2ptl,A,25,I,V
497,-4.72,2ptl,A,74,I,A
498,-1.69,2ptl,A,74,I,V
499,-0.92,2ptl,A,21,K,A
500,-0.88,2ptl,A,37,K,A
501,0.16,2ptl,A,42,K,G
502,0.58,2ptl,A,55,K,A
503,0.35,2ptl,A,56,K,A
504,-0.09,2ptl,A,68,K,A
505,-0.45,2ptl,A,75,K,A
506,-3.12,2ptl,A,24,L,A
507,-2.44,2ptl,A,54,L,A
508,-3.77,2ptl,A,72,L,A
509,-1.87,2ptl,A,23,N,A
510,-1.78,2ptl,A,28,N,A
511,-0.34,2ptl,A,58,N,A
512,-1.73,2ptl,A,73,N,A
513,-0.3,2ptl,A,30,S,A
514,0.41,2ptl,A,45,S,A
515,-0.82,2ptl,A,45,S,G
516,-1.63,2ptl,A,19,T,A
517,-1.17,2ptl,A,31,T,A
518,-1.11,2ptl,A,33,T,A
519,-1.25,2ptl,A,39,T,A
520,-1.09,2ptl,A,44,T,A
521,-0.17,2ptl,A,53,T,G
522,-0.97,2ptl,A,62,T,A
523,-1.83,2ptl,A,71,T,A
524,-1.22,2ptl,A,18,V,A
525,-0.92,2ptl,A,63,V,A
526,-1.14,2ptl,A,65,V,A
527,-2.82,2ptl,A,48,Y,A
528,-2.46,2ptl,A,50,Y,A
529,-1.66,2ptl,A,70,Y,A
530,0.43,2ptl,A,70,Y,L
531,1.05,2rpn,A,7,E,L
532,0.39,2rpn,A,21,V,K
533,-5.975,2vy0,A,287,D,A
534,-6.597,2vy0,A,53,E,A
535,0.3,2wqg,A,15,D,A
536,0.1,2wqg,A,38,D,A
537,-2.2,2wqg,A,39,D,A
538,-2.6,2wqg,A,39,D,N
539,-0.1,2wqg,A,40,E,Q
540,-0.4,2wqg,A,41,E,G
541,-0.9,2wqg,A,36,I,A
542,-0.3,2wqg,A,36,I,V
543,-0.4,2wqg,A,14,K,A
544,-1.9,2wqg,A,14,K,G
545,-0.3,2wqg,A,19,K,A
546,-0.6,2wqg,A,28,K,A
547,-0.5,2wqg,A,13,L,A
548,-1.3,2wqg,A,16,L,A
549,-2.0,2wqg,A,8,L,A
550,-0.6,2wqg,A,12,Q,A
551,-2.0,2wqg,A,12,Q,G
552,0.1,2wqg,A,33,Q,A
553,-0.8,2wqg,A,34,R,A
554,-0.6,2wqg,A,23,S,A
555,0.1,2wqg,A,6,S,A
556,-0.2,2wqg,A,6,S,G
557,0.1,2wqg,A,9,T,S
558,-0.1,2wqg,A,10,V,A
559,-0.7,2wqg,A,10,V,G
560,0.4,2wqg,A,11,V,A
561,0.1,2wqg,A,11,V,G
562,-0.5,2wqg,A,24,V,A
563,-2.4,2wqg,A,5,Y,F
564,-0.74,2zta,A,11,E,Q
565,0.2,2zta,A,20,E,Q
566,-1.83,2zta,A,22,E,Q
567,-0.41,2zta,A,15,K,A
568,-0.91,2zta,A,27,K,A
569,-0.06,2zta,A,28,K,A
570,-0.39,2zta,A,8,K,A
571,-1.66,2zta,A,25,R,A
572,1.369,3bci,A,96,E,Q
573,-1.137,3bci,A,153,T,V
574,-1.506,3bn0,A,20,I,V
575,-0.88,3c2i,A,156,D,E
576,-0.43,3c2i,A,155,F,S
577,-1.11,3c2i,A,100,L,V
578,-1.46,3c2i,A,152,P,R
579,-0.12,3c2i,A,106,R,Q
580,-0.04,3c2i,A,106,R,W
581,0.43,3c2i,A,111,R,G
582,-0.37,3c2i,A,133,R,C
583,-0.24,3c2i,A,133,R,H
584,-1.05,3c2i,A,134,S,C
585,-0.47,3c2i,A,158,T,A
586,-0.25,3c2i,A,158,T,M
587,3.02,3d2a,A,134,M,E
588,3.34,3d2a,A,137,M,P
589,2.11,3d2a,A,163,S,P
590,-0.65,3d3b,A,118,D,A
591,-0.6,3d3b,A,118,D,E
592,-1.6,3d3b,A,118,D,K
593,-1.34,3d3b,A,118,D,N
594,-1.41,3d3b,A,118,D,R
595,-1.7,3dv0,I,131,A,G
596,-2.3,3dv0,I,139,A,G
597,-0.9,3dv0,I,165,A,G
598,-0.3,3dv0,I,168,A,G
599,-2.1,3dv0,I,145,D,A
600,-0.9,3dv0,I,145,D,N
601,-2.0,3dv0,I,162,D,N
602,-2.3,3dv0,I,164,D,A
603,-3.7,3dv0,I,164,D,G
604,-1.9,3dv0,I,164,D,N
605,-0.7,3dv0,I,141,E,A
606,-0.4,3dv0,I,141,E,Q
607,-0.7,3dv0,I,130,I,A
608,-1.4,3dv0,I,130,I,G
609,-0.2,3dv0,I,130,I,V
610,-2.7,3dv0,I,146,I,A
611,-1.2,3dv0,I,146,I,V
612,-0.5,3dv0,I,163,I,V
613,-2.0,3dv0,I,159,L,A
614,-1.9,3dv0,I,159,L,G
615,-0.6,3dv0,I,159,L,V
616,-1.2,3dv0,I,167,L,A
617,-0.2,3dv0,I,167,L,V
618,-0.7,3dv0,I,129,V,A
619,-1.0,3dv0,I,129,V,G
620,-1.5,3dv0,I,135,V,A
621,-2.0,3dv0,I,144,V,A
622,-2.8,3dv0,I,149,V,A
623,-4.1,3dv0,I,149,V,G
624,-3.2,3dv0,I,158,V,A
625,-2.0,3dv0,I,138,Y,F
626,0.8,3ecu,A,46,H,R
627,-0.5,3fis,A,61,P,A
628,0.34,3g1g,A,155,D,Y
629,-0.74,3g1g,A,167,F,Y
630,-0.17,3g1g,A,190,I,V
631,1.32,3g1g,A,185,R,W
632,-3.35,3k82,A,334,E,L
633,-1.68,3k82,A,334,E,Q
634,5.49,3k82,A,401,E,R
635,-3.23,3l15,B,442,Y,H
636,1.194,3mon,B,39,R,G
637,-2.866,3mon,B,3,W,C
638,-1.81,3o39,A,115,F,I
639,-1.64,3o39,A,115,F,L
640,-0.58,3o39,A,96,H,L
641,-3.25,3o39,A,32,L,P
642,-2.0,3o39,A,100,Q,L
643,-0.05,3o39,A,49,Q,L
644,-1.3,3s4m,A,122,D,Y
645,-2.5,3s4m,A,130,G,V
646,0.096,3s4m,A,154,I,F
647,-0.693,3s4m,A,155,W,R
648,2.03,3s92,A,395,H,R
649,0.99,4bjx,A,89,A,V
650,0.89,4buq,A,137,Y,A
651,-1.435,4buq,A,48,Y,A
652,-0.24,4he7,A,19,A,D
653,0.06,4he7,A,19,A,G
654,-0.46,4he7,A,19,A,K
655,0.574,4n6v,0,75,H,W
656,-1.362,4n6v,0,36,P,G
657,1.745,4n6v,0,79,P,S
658,0.1,4waa,A,65,K,A
659,-2.07,4waa,A,67,K,A
660,-0.44,4waa,A,27,R,A
661,-0.71,4yee,A,134,V,T
662,-0.93,4yef,A,134,T,V
663,-1.44,5jxb,A,329,D,G
664,-1.44,5jxb,A,329,D,P
665,-2.99,5oaq,A,429,Y,H
666,0.413,5vp3,A,39,R,K
667,-0.378,5vp3,A,128,S,G
668,0.354,5vp3,A,183,V,T
