,pdb,chain,resseq,wildtype,mutation,ddg
0,1a23,A,32,H,L,5.3
1,1a23,A,32,H,S,5.2
2,1a23,A,32,H,Y,6.8
3,1a43,A,218,C,S,-3.7
4,1a43,A,159,E,D,-4.55
5,1a43,A,156,G,A,-2.4
6,1a43,A,167,R,A,-4.55
7,1a43,A,184,W,A,-0.7
8,1a5e,A,121,L,R,0.55
9,1a5e,A,37,L,S,0.81
10,1a5e,A,15,W,D,0.19
11,1aar,A,45,F,W,0.32
12,1aar,A,68,H,E,0.76
13,1aar,A,68,H,Q,0.55
14,1aar,A,27,K,Q,-1.91
15,1aar,A,29,K,N,-1.48
16,1aar,A,29,K,Q,-1.67
17,1aar,A,6,K,E,0.53
18,1aar,A,6,K,Q,0.26
19,1aar,A,42,R,E,1.63
20,1aar,A,72,R,Q,-0.33
21,1aep,A,137,A,K,-1.4
22,1aep,A,14,L,K,-1.18
23,1aep,A,141,T,A,-1.03
24,1aep,A,28,T,A,0.48
25,1ag2,A,200,E,K,-0.14
26,1ag2,A,175,F,W,-0.05
27,1ag2,A,198,F,S,-2.46
28,1ag2,A,129,M,V,-0.33
29,1ag2,A,217,Q,R,-2.13
30,1ag2,A,208,R,H,-1.43
31,1ag2,A,183,T,A,-4.62
32,1ag2,A,190,T,V,0.17
33,1ag2,A,180,V,I,-0.5
34,1ag2,A,210,V,I,-0.26
35,1aj3,A,102,A,G,-2.6
36,1aj3,A,104,A,G,-1.8
37,1aj3,A,54,A,G,-1.1
38,1aj3,A,58,A,G,-1.1
39,1aj3,A,89,A,G,-1.1
40,1aj3,A,17,D,A,-0.2
41,1aj3,A,17,D,G,-1.2
42,1aj3,A,68,D,A,-0.1
43,1aj3,A,68,D,G,-1.3
44,1aj3,A,93,D,A,0.7
45,1aj3,A,93,D,G,-0.3
46,1aj3,A,25,E,A,0.1
47,1aj3,A,25,E,G,-1.1
48,1aj3,A,12,F,A,-3.7
49,1aj3,A,12,F,L,-1.3
50,1aj3,A,91,F,A,-2.8
51,1aj3,A,91,F,L,0.5
52,1aj3,A,10,H,A,0.5
53,1aj3,A,10,H,G,-0.5
54,1aj3,A,49,H,A,-1.4
55,1aj3,A,59,H,A,-2.3
56,1aj3,A,23,I,A,-3.6
57,1aj3,A,23,I,V,-1.6
58,1aj3,A,63,I,A,-2.8
59,1aj3,A,63,I,V,-0.6
60,1aj3,A,84,I,A,-2.0
61,1aj3,A,84,I,V,-0.6
62,1aj3,A,26,K,A,0.0
63,1aj3,A,47,K,A,0.4
64,1aj3,A,47,K,G,-0.5
65,1aj3,A,72,K,A,-0.1
66,1aj3,A,72,K,G,-1.4
67,1aj3,A,96,K,A,-0.4
68,1aj3,A,96,K,G,-1.3
69,1aj3,A,45,L,A,-0.2
70,1aj3,A,52,L,A,-2.8
71,1aj3,A,56,L,A,-3.8
72,1aj3,A,73,L,A,-2.4
73,1aj3,A,88,L,A,-2.8
74,1aj3,A,98,L,A,-3.8
75,1aj3,A,16,M,A,-2.2
76,1aj3,A,44,N,A,0.2
77,1aj3,A,44,N,G,-0.4
78,1aj3,A,100,Q,A,0.4
79,1aj3,A,100,Q,G,-0.7
80,1aj3,A,64,Q,A,-0.7
81,1aj3,A,64,Q,G,-1.8
82,1aj3,A,86,Q,A,0.0
83,1aj3,A,86,Q,G,-1.3
84,1aj3,A,105,R,A,0.0
85,1aj3,A,14,R,A,-0.3
86,1aj3,A,14,R,G,-1.9
87,1aj3,A,51,R,A,0.3
88,1aj3,A,51,R,G,-0.6
89,1aj3,A,21,S,A,0.5
90,1aj3,A,21,S,G,-0.5
91,1aj3,A,40,T,A,0.3
92,1aj3,A,40,T,G,-0.1
93,1aj3,A,30,V,A,-0.2
94,1aj3,A,42,V,A,-0.4
95,1aj3,A,66,V,A,-2.3
96,1aj3,A,22,W,F,-1.11
97,1aj3,A,95,W,F,-2.1
98,1aky,A,213,I,F,-1.91
99,1aky,A,169,N,D,-2.15
100,1aky,A,48,Q,E,-0.96
101,1aky,A,110,T,H,-2.13
102,1aky,A,77,T,H,-0.9
103,1aky,A,8,V,I,-1.2
104,1am7,A,31,H,D,-1.6
105,1am7,A,48,H,N,-5.0
106,1amq,A,191,C,A,-1.12
107,1amq,A,191,C,F,-0.9
108,1amq,A,191,C,G,-0.02
109,1amq,A,191,C,R,-1.69
110,1amq,A,191,C,S,-1.44
111,1amq,A,191,C,W,-2.25
112,1amq,A,191,C,Y,-1.05
113,1amq,A,192,C,A,-1.21
114,1amq,A,192,C,S,-0.99
115,1amq,A,270,C,A,-1.68
116,1amq,A,401,C,A,1.06
117,1amq,A,401,C,S,-1.79
118,1amq,A,82,C,A,-0.45
119,1amq,A,82,C,S,-2.44
120,1ank,A,84,D,H,-1.4
121,1ank,A,86,F,L,-0.8
122,1ank,A,85,G,V,-2.4
123,1ank,A,88,R,G,-0.2
124,1aon,U,3,I,C,-0.44
125,1aon,U,3,I,W,-0.25
126,1aon,U,48,I,W,-0.2
127,1aon,U,95,V,C,-0.25
128,1aps,A,30,A,G,-1.65
129,1aps,A,83,E,D,-1.51
130,1aps,A,22,F,L,-1.29
131,1aps,A,45,G,A,-1.73
132,1aps,A,75,I,V,-1.41
133,1aps,A,86,I,V,-1.57
134,1aps,A,89,L,A,-1.67
135,1aps,A,42,T,A,-1.84
136,1aps,A,78,T,S,-1.41
137,1aps,A,13,V,A,-2.63
138,1aps,A,17,V,A,-1.84
139,1aps,A,20,V,A,-0.28
140,1aps,A,36,V,A,-2.54
141,1aps,A,39,V,A,-1.63
142,1aps,A,47,V,A,-1.87
143,1aps,A,51,V,A,-1.88
144,1aps,A,38,W,F,-0.02
145,1aps,A,64,W,A,-1.5
146,1aps,A,11,Y,F,1.04
147,1aps,A,11,Y,I,-2.24
148,1aps,A,25,Y,A,0.1
149,1arr,A,20,D,G,-1.35
150,1arr,A,17,E,G,-0.57
151,1arr,A,27,E,G,-0.43
152,1arr,A,28,E,G,-0.84
153,1arr,A,48,E,G,-1.14
154,1arr,A,24,K,G,-1.23
155,1arr,A,24,K,T,-0.6
156,1arr,A,46,K,G,-0.73
157,1arr,A,47,K,G,-0.57
158,1arr,A,19,L,Q,-0.9
159,1arr,A,34,N,G,0.23
160,1arr,A,8,P,L,2.48
161,1arr,A,39,Q,G,-0.65
162,1arr,A,9,Q,G,0.22
163,1arr,A,13,R,G,0.27
164,1arr,A,16,R,G,-0.64
165,1arr,A,23,R,G,-1.04
166,1arr,A,35,S,G,-0.24
167,1ayf,A,95,C,S,0.96
168,1ayf,A,76,D,E,0.45
169,1ayf,A,56,H,Q,-1.66
170,1ayf,A,56,H,R,-1.16
171,1ayf,A,56,H,T,-1.19
172,1ayf,A,54,T,A,-1.31
173,1ayf,A,54,T,S,0.05
174,1ayf,A,82,Y,F,-0.01
175,1ayf,A,82,Y,L,-0.36
176,1ayf,A,82,Y,S,-0.33
177,1ayf,A,82,Y,W,-0.21
178,1azp,A,30,V,I,0.7
179,1b26,A,231,E,A,-0.17
180,1b26,A,193,K,A,0.23
181,1b26,A,190,R,A,-0.34
182,1b5m,A,81,P,A,-1.15
183,1b8e,A,19,W,Y,-3.45
184,1blc,A,179,D,N,-0.44
185,1bni,A,32,A,C,-1.0
186,1bni,A,32,A,D,-0.7
187,1bni,A,32,A,E,-0.6
188,1bni,A,32,A,F,-0.7
189,1bni,A,32,A,G,-0.9
190,1bni,A,32,A,H,-0.8
191,1bni,A,32,A,I,-0.8
192,1bni,A,32,A,K,-0.2
193,1bni,A,32,A,L,-0.3
194,1bni,A,32,A,M,-0.3
195,1bni,A,32,A,N,-0.7
196,1bni,A,32,A,P,-4.1
197,1bni,A,32,A,Q,-0.5
198,1bni,A,32,A,R,-0.1
199,1bni,A,32,A,S,-0.4
200,1bni,A,32,A,T,-0.8
201,1bni,A,32,A,V,-0.9
202,1bni,A,32,A,W,-1.0
203,1bni,A,32,A,Y,-0.8
204,1bni,A,12,D,A,0.395
205,1bni,A,12,D,G,-1.2
206,1bni,A,12,D,S,-0.77
207,1bni,A,22,D,M,-0.27
208,1bni,A,44,D,E,0.1
209,1bni,A,54,D,A,-3.15
210,1bni,A,54,D,N,-2.53
211,1bni,A,75,D,N,4.8
212,1bni,A,8,D,A,-0.8
213,1bni,A,8,D,G,-1.23
214,1bni,A,8,D,S,-0.84
215,1bni,A,93,D,N,-4.11
216,1bni,A,29,E,A,-1.28
217,1bni,A,29,E,G,-1.8
218,1bni,A,29,E,Q,0.0
219,1bni,A,29,E,S,-1.22
220,1bni,A,73,E,A,-2.5
221,1bni,A,73,E,F,-2.1
222,1bni,A,73,E,G,-5.4
223,1bni,A,73,E,Q,-2.7
224,1bni,A,73,E,W,-2.2
225,1bni,A,7,F,L,-4.6
226,1bni,A,34,G,A,-2.91
227,1bni,A,34,G,D,-3.3
228,1bni,A,34,G,H,-2.62
229,1bni,A,34,G,K,-2.91
230,1bni,A,34,G,N,-2.72
231,1bni,A,34,G,R,-2.61
232,1bni,A,34,G,S,-3.05
233,1bni,A,34,G,T,-3.28
234,1bni,A,52,G,A,-5.3
235,1bni,A,52,G,V,-8.4
236,1bni,A,53,G,A,-3.4
237,1bni,A,53,G,V,-7.8
238,1bni,A,65,G,S,0.5
239,1bni,A,102,H,A,-0.24
240,1bni,A,18,H,A,-1.99
241,1bni,A,18,H,D,-2.38
242,1bni,A,18,H,G,-0.65
243,1bni,A,18,H,K,-1.2
244,1bni,A,18,H,N,-1.74
245,1bni,A,18,H,Q,-1.6
246,1bni,A,18,H,R,-1.09
247,1bni,A,18,H,S,-2.19
248,1bni,A,109,I,A,-2.1
249,1bni,A,109,I,V,-0.8
250,1bni,A,25,I,A,-3.5
251,1bni,A,25,I,V,-1.1
252,1bni,A,4,I,A,-1.4
253,1bni,A,4,I,V,-0.6
254,1bni,A,51,I,A,-4.7
255,1bni,A,51,I,V,-1.83
256,1bni,A,55,I,A,-1.1
257,1bni,A,55,I,G,-3.1
258,1bni,A,55,I,T,-0.6
259,1bni,A,55,I,V,-0.3
260,1bni,A,76,I,A,-1.9
261,1bni,A,76,I,T,-2.64
262,1bni,A,76,I,V,-0.8
263,1bni,A,88,I,A,-4.21
264,1bni,A,88,I,G,-7.4
265,1bni,A,88,I,L,-0.3
266,1bni,A,88,I,V,-1.37
267,1bni,A,96,I,A,-3.46
268,1bni,A,96,I,G,-5.7
269,1bni,A,96,I,V,-1.02
270,1bni,A,108,K,R,0.9
271,1bni,A,19,K,R,0.2
272,1bni,A,27,K,A,0.44
273,1bni,A,27,K,G,-0.4
274,1bni,A,62,K,R,-0.45
275,1bni,A,66,K,A,0.2
276,1bni,A,14,L,A,-4.53
277,1bni,A,33,L,Q,-1.3
278,1bni,A,89,L,G,-7.0
279,1bni,A,89,L,T,-2.5
280,1bni,A,89,L,V,-0.3
281,1bni,A,95,L,G,-4.7
282,1bni,A,23,N,A,-2.2
283,1bni,A,41,N,D,-2.5
284,1bni,A,58,N,A,-2.7
285,1bni,A,58,N,D,0.5
286,1bni,A,5,N,A,-1.9
287,1bni,A,77,N,A,-1.6
288,1bni,A,84,N,A,-2.0
289,1bni,A,104,Q,A,-0.2
290,1bni,A,15,Q,A,-0.2
291,1bni,A,15,Q,G,-1.6
292,1bni,A,15,Q,I,1.0
293,1bni,A,31,Q,A,0.1
294,1bni,A,31,Q,G,-1.04
295,1bni,A,31,Q,S,-0.2
296,1bni,A,110,R,A,-0.4
297,1bni,A,59,R,A,0.64
298,1bni,A,69,R,K,-3.13
299,1bni,A,69,R,M,-2.12
300,1bni,A,69,R,S,-2.72
301,1bni,A,72,R,G,-2.5
302,1bni,A,83,R,K,-4.13
303,1bni,A,83,R,Q,2.05
304,1bni,A,28,S,A,0.5
305,1bni,A,28,S,E,0.4
306,1bni,A,28,S,G,-0.47
307,1bni,A,57,S,A,0.15
308,1bni,A,85,S,A,-0.12
309,1bni,A,91,S,A,-1.48
310,1bni,A,92,S,A,-2.82
311,1bni,A,100,T,G,-2.8
312,1bni,A,105,T,V,-2.2
313,1bni,A,16,T,A,-0.38
314,1bni,A,16,T,G,-1.48
315,1bni,A,16,T,R,0.42
316,1bni,A,16,T,S,-1.79
317,1bni,A,26,T,A,-2.05
318,1bni,A,26,T,D,-0.04
319,1bni,A,26,T,E,-0.05
320,1bni,A,26,T,G,-1.72
321,1bni,A,26,T,N,-1.29
322,1bni,A,26,T,Q,-1.72
323,1bni,A,26,T,S,-0.56
324,1bni,A,26,T,V,-2.31
325,1bni,A,6,T,A,-2.29
326,1bni,A,6,T,D,0.11
327,1bni,A,6,T,E,-0.27
328,1bni,A,6,T,G,-1.27
329,1bni,A,6,T,H,-2.06
330,1bni,A,6,T,N,-1.27
331,1bni,A,6,T,Q,-1.87
332,1bni,A,6,T,S,-0.22
333,1bni,A,79,T,V,0.3
334,1bni,A,99,T,V,-2.7
335,1bni,A,10,V,A,-3.4
336,1bni,A,10,V,T,-2.5
337,1bni,A,36,V,A,-1.3
338,1bni,A,36,V,T,-1.1
339,1bni,A,45,V,A,-1.8
340,1bni,A,45,V,T,-2.4
341,1bni,A,94,W,F,-1.04
342,1bni,A,94,W,L,-1.12
343,1bni,A,94,W,Y,-1.24
344,1bni,A,103,Y,F,0.0
345,1bni,A,13,Y,A,-3.3
346,1bni,A,13,Y,F,-0.52
347,1bni,A,13,Y,G,-6.4
348,1bni,A,17,Y,A,-2.0
349,1bni,A,17,Y,F,-0.44
350,1bni,A,17,Y,G,-4.9
351,1bni,A,17,Y,S,-2.28
352,1bni,A,24,Y,F,0.0
353,1bni,A,78,Y,F,-1.45
354,1bni,A,97,Y,G,-6.6
355,1boy,A,200,R,W,0.6
356,1bpi,A,3,D,A,0.2
357,1bpi,A,50,D,A,-0.4
358,1bpi,A,49,E,A,-0.2
359,1bpi,A,7,E,A,-1.5
360,1bpi,A,22,F,A,-2.0
361,1bpi,A,4,F,A,-3.0
362,1bpi,A,12,G,A,-1.8
363,1bpi,A,28,G,A,-1.0
364,1bpi,A,36,G,A,-2.1
365,1bpi,A,36,G,S,-0.7
366,1bpi,A,37,G,A,-2.3
367,1bpi,A,56,G,A,-0.2
368,1bpi,A,57,G,A,-0.2
369,1bpi,A,18,I,A,-1.5
370,1bpi,A,19,I,A,-2.1
371,1bpi,A,15,K,A,-0.4
372,1bpi,A,26,K,A,0.0
373,1bpi,A,41,K,A,-0.4
374,1bpi,A,46,K,A,0.1
375,1bpi,A,29,L,A,0.0
376,1bpi,A,6,L,A,-0.6
377,1bpi,A,52,M,A,-1.7
378,1bpi,A,24,N,A,-2.2
379,1bpi,A,44,N,A,-3.3
380,1bpi,A,13,P,A,-1.2
381,1bpi,A,2,P,A,-1.3
382,1bpi,A,8,P,A,-0.3
383,1bpi,A,9,P,A,-0.8
384,1bpi,A,31,Q,A,-1.0
385,1bpi,A,17,R,A,-0.3
386,1bpi,A,1,R,A,-0.5
387,1bpi,A,20,R,A,-1.8
388,1bpi,A,39,R,A,0.0
389,1bpi,A,42,R,A,-0.5
390,1bpi,A,53,R,A,-0.1
391,1bpi,A,47,S,A,-1.6
392,1bpi,A,11,T,A,0.0
393,1bpi,A,32,T,A,-0.1
394,1bpi,A,54,T,A,-0.1
395,1bpi,A,34,V,A,-1.2
396,1bpi,A,10,Y,A,-1.2
397,1bpi,A,35,Y,A,-1.1
398,1bta,A,40,C,A,0.1
399,1bta,A,82,C,A,-0.48
400,1bta,A,57,E,K,-0.7
401,1bta,A,21,K,A,-1.04
402,1bta,A,21,K,Q,-1.09
403,1bta,A,22,K,Q,-0.79
404,1bta,A,60,K,E,-1.17
405,1bta,A,60,K,L,0.55
406,1bta,A,78,K,A,-0.05
407,1bta,A,78,K,Q,0.38
408,1bta,A,75,R,L,0.75
409,1bta,A,75,R,Q,-0.37
410,1bvc,A,130,A,K,-2.1
411,1bvc,A,130,A,L,-0.9
412,1bvc,A,44,D,A,0.25
413,1bvc,A,60,D,A,-0.15
414,1bvc,A,109,E,A,0.17
415,1bvc,A,109,E,G,-0.89
416,1bvc,A,4,E,A,-0.35
417,1bvc,A,123,F,K,-2.1
418,1bvc,A,123,F,T,-2.62
419,1bvc,A,129,G,A,1.1
420,1bvc,A,23,G,A,-1.12
421,1bvc,A,113,H,Q,-0.26
422,1bvc,A,116,H,A,0.16
423,1bvc,A,119,H,F,-0.68
424,1bvc,A,24,H,V,-0.52
425,1bvc,A,36,H,Q,-0.8
426,1bvc,A,48,H,Q,-0.62
427,1bvc,A,64,H,Q,-0.45
428,1bvc,A,82,H,Q,-0.05
429,1bvc,A,93,H,G,0.04
430,1bvc,A,111,I,A,-1.8
431,1bvc,A,111,I,L,-0.6
432,1bvc,A,111,I,M,-1.1
433,1bvc,A,142,I,A,-1.9
434,1bvc,A,142,I,L,0.6
435,1bvc,A,142,I,M,0.9
436,1bvc,A,142,I,V,-0.1
437,1bvc,A,28,I,A,-0.86
438,1bvc,A,28,I,L,-0.6
439,1bvc,A,28,I,M,-0.6
440,1bvc,A,28,I,V,0.0
441,1bvc,A,30,I,A,-0.65
442,1bvc,A,140,K,A,0.35
443,1bvc,A,56,K,A,-0.35
444,1bvc,A,77,K,A,0.2
445,1bvc,A,11,L,A,-0.44
446,1bvc,A,135,L,I,-1.5
447,1bvc,A,135,L,M,-0.8
448,1bvc,A,135,L,V,-2.2
449,1bvc,A,137,L,A,-1.78
450,1bvc,A,149,L,A,-1.6
451,1bvc,A,29,L,A,-0.63
452,1bvc,A,29,L,I,-1.1
453,1bvc,A,29,L,M,0.1
454,1bvc,A,29,L,V,-1.7
455,1bvc,A,32,L,A,-0.92
456,1bvc,A,49,L,I,-0.8
457,1bvc,A,69,L,A,-1.2
458,1bvc,A,69,L,I,0.0
459,1bvc,A,69,L,M,0.0
460,1bvc,A,69,L,V,-0.1
461,1bvc,A,9,L,A,-0.41
462,1bvc,A,131,M,A,-2.2
463,1bvc,A,88,P,A,0.59
464,1bvc,A,8,Q,A,0.88
465,1bvc,A,8,Q,G,-0.5
466,1bvc,A,117,S,A,-0.26
467,1bvc,A,51,T,A,-1.41
468,1bvc,A,67,T,A,-0.26
469,1bvc,A,114,V,A,-1.45
470,1bvc,A,13,V,A,-0.67
471,1bvc,A,66,V,A,0.75
472,1bvc,A,68,V,T,-0.4
473,1bvc,A,14,W,F,-1.1
474,1bvc,A,7,W,F,-0.9
475,1c2r,A,34,G,S,-2.2
476,1c2r,A,12,K,D,-1.3
477,1c2r,A,14,K,E,-1.3
478,1c2r,A,32,K,E,0.2
479,1c2r,A,35,P,A,-2.0
480,1c5g,A,350,E,P,0.3
481,1c5g,A,350,E,R,-0.3
482,1c9o,A,12,E,K,-0.32
483,1c9o,A,21,E,A,-0.29
484,1c9o,A,21,E,K,-0.26
485,1c9o,A,36,E,K,-0.45
486,1c9o,A,46,E,A,-0.22
487,1c9o,A,46,E,K,-0.65
488,1c9o,A,50,E,K,-0.58
489,1c9o,A,50,E,W,0.07
490,1c9o,A,38,F,W,0.24
491,1c9o,A,23,G,Q,-0.29
492,1c9o,A,29,H,E,-0.77
493,1c9o,A,66,L,E,-1.24
494,1c9o,A,11,N,S,0.33
495,1c9o,A,55,N,K,-0.03
496,1c9o,A,2,Q,L,0.55
497,1c9o,A,53,Q,E,-0.1
498,1c9o,A,3,R,A,-1.89
499,1c9o,A,3,R,E,-2.75
500,1c9o,A,3,R,K,-0.19
501,1c9o,A,3,R,L,-0.93
502,1c9o,A,56,R,E,0.77
503,1c9o,A,24,S,D,0.22
504,1c9o,A,31,T,S,0.17
505,1c9o,A,64,V,T,-0.26
506,1c9o,A,15,Y,F,-0.05
507,1cah,A,206,C,S,2.35
508,1cah,A,5,W,F,-1.8
509,1cdc,A,40,A,G,1.71
510,1cdc,A,18,I,V,1.17
511,1cdc,A,57,I,V,0.43
512,1cdc,A,16,L,V,2.2
513,1cdc,A,50,L,V,-0.37
514,1cdc,A,89,L,V,0.14
515,1cdc,A,95,L,V,0.75
516,1cdc,A,30,V,A,4.88
517,1cdc,A,78,V,A,3.01
518,1cey,A,101,A,G,-0.95
519,1cey,A,113,A,G,-0.75
520,1cey,A,114,A,G,-0.5
521,1cey,A,48,A,G,0.06
522,1cey,A,74,A,G,-0.31
523,1cey,A,77,A,G,-0.31
524,1cey,A,80,A,G,0.43
525,1cey,A,88,A,G,0.04
526,1cey,A,90,A,G,0.35
527,1cey,A,99,A,G,-0.48
528,1cey,A,12,D,A,2.5
529,1cey,A,13,D,A,2.7
530,1cey,A,57,D,A,3.3
531,1cey,A,14,F,N,2.64
532,1chk,A,101,W,F,-4.27
533,1chk,A,227,W,F,-2.51
534,1chk,A,28,W,F,-4.43
535,1clw,A,309,E,V,-2.3
536,1clw,A,177,G,R,-2.1
537,1clw,A,244,G,R,-4.0
538,1clw,A,323,G,D,-0.4
539,1clw,A,285,R,K,-10.3
540,1clw,A,382,R,S,-17.4
541,1clw,A,235,T,I,-1.6
542,1cse,I,27,L,A,-0.16
543,1cse,I,14,V,A,-1.04
544,1cse,I,18,V,A,-1.2
545,1cse,I,54,V,A,-1.58
546,1cse,I,62,V,A,-1.01
547,1csp,A,46,A,E,-0.6
548,1csp,A,46,A,K,1.41
549,1csp,A,24,D,K,-0.48
550,1csp,A,24,D,N,-0.72
551,1csp,A,25,D,K,-1.43
552,1csp,A,25,D,Q,-0.81
553,1csp,A,12,E,K,-0.62
554,1csp,A,19,E,K,-0.57
555,1csp,A,19,E,Q,-0.19
556,1csp,A,21,E,K,-0.12
557,1csp,A,21,E,Q,-0.31
558,1csp,A,3,E,K,2.75
559,1csp,A,3,E,L,1.6
560,1csp,A,3,E,Q,0.98
561,1csp,A,3,E,R,2.65
562,1csp,A,42,E,K,0.02
563,1csp,A,42,E,Q,-0.12
564,1csp,A,43,E,K,0.17
565,1csp,A,43,E,Q,0.05
566,1csp,A,43,E,S,0.29
567,1csp,A,50,E,K,-0.57
568,1csp,A,50,E,Q,-1.22
569,1csp,A,53,E,K,-0.19
570,1csp,A,53,E,Q,0.19
571,1csp,A,66,E,K,2.18
572,1csp,A,66,E,L,2.1
573,1csp,A,15,F,A,-2.07
574,1csp,A,17,F,A,-1.47
575,1csp,A,27,F,A,-0.84
576,1csp,A,38,F,A,0.31
577,1csp,A,13,K,E,-0.29
578,1csp,A,13,K,Q,-0.14
579,1csp,A,39,K,E,-0.26
580,1csp,A,39,K,Q,-0.02
581,1csp,A,5,K,E,-3.11
582,1csp,A,5,K,Q,-1.96
583,1csp,A,65,K,E,-1.7
584,1csp,A,65,K,I,1.53
585,1csp,A,65,K,Q,-0.77
586,1csp,A,1,M,R,1.75
587,1csp,A,10,N,D,0.31
588,1csp,A,10,N,K,-1.51
589,1csp,A,55,N,D,0.5
590,1csp,A,55,N,K,-0.1
591,1csp,A,56,R,Q,0.38
592,1csp,A,48,S,E,0.1
593,1csp,A,48,S,K,0.74
594,1csp,A,48,S,R,1.58
595,1csp,A,20,V,K,-1.94
596,1csp,A,20,V,Q,-1.82
597,1cun,A,119,A,G,-1.75
598,1cun,A,126,A,G,-1.65
599,1cun,A,156,A,G,-1.45
600,1cun,A,173,A,G,-1.95
601,1cun,A,191,A,G,-1.35
602,1cun,A,206,A,G,-2.25
603,1cun,A,212,A,G,-1.45
604,1cun,A,117,F,L,-2.55
605,1cun,A,157,F,L,-1.85
606,1cun,A,198,G,A,0.45
607,1cun,A,164,H,A,-2.35
608,1cun,A,128,I,A,-1.65
609,1cun,A,128,I,V,-2.85
610,1cun,A,152,K,A,-0.15
611,1cun,A,152,K,G,-1.45
612,1cun,A,196,L,A,-4.55
613,1cun,A,203,L,A,-4.05
614,1cun,A,214,L,A,-3.65
615,1cun,A,193,M,A,-2.65
616,1cun,A,115,Q,A,-0.15
617,1cun,A,115,Q,G,-1.15
618,1cun,A,201,S,A,0.15
619,1cun,A,201,S,G,-0.95
620,1cun,A,163,V,A,0.15
621,1cun,A,163,V,G,-0.85
622,1cun,A,171,V,A,-1.55
623,1cyo,A,35,F,H,-2.82
624,1cyo,A,35,F,L,-1.87
625,1cyo,A,35,F,Y,0.79
626,1cyo,A,45,V,E,-2.68
627,1cyo,A,45,V,H,-1.34
628,1cyo,A,45,V,Y,-1.53
629,1cyo,A,61,V,E,-1.1
630,1cyo,A,61,V,H,-1.63
631,1cyo,A,61,V,K,-2.34
632,1cyo,A,61,V,Y,-1.29
633,1dkt,A,18,E,A,-0.81
634,1dkt,A,17,F,L,-2.58
635,1dkt,A,65,H,A,-0.51
636,1dkt,A,6,I,V,-0.57
637,1dkt,A,11,K,A,0.62
638,1dkt,A,46,L,A,-2.04
639,1dkt,A,67,L,A,-1.98
640,1dkt,A,58,M,L,-0.23
641,1dkt,A,70,R,A,-2.8
642,1dkt,A,71,R,A,-0.59
643,1dkt,A,39,S,A,-0.6
644,1dkt,A,9,S,A,-0.43
645,1dkt,A,22,V,A,-1.36
646,1dkt,A,32,V,A,-1.07
647,1dkt,A,55,V,A,-0.73
648,1dkt,A,55,V,G,-2.04
649,1dkt,A,8,Y,A,-0.68
650,1e65,A,82,A,G,-3.11
651,1e65,A,110,F,S,-3.95
652,1e65,A,117,H,G,-2.18
653,1e65,A,46,H,G,-2.5
654,1e65,A,20,I,A,-1.56
655,1e65,A,20,I,T,-2.39
656,1e65,A,20,I,V,-0.38
657,1e65,A,7,I,A,-3.11
658,1e65,A,7,I,S,-3.44
659,1e65,A,81,I,A,-2.39
660,1e65,A,81,I,T,-2.51
661,1e65,A,81,I,V,-0.07
662,1e65,A,125,L,A,-0.72
663,1e65,A,50,L,T,-2.34
664,1e65,A,50,L,V,-0.36
665,1e65,A,22,V,A,-1.44
666,1e65,A,22,V,T,-0.96
667,1e65,A,31,V,T,-1.08
668,1e65,A,5,V,A,0.0
669,1e65,A,60,V,G,-3.11
670,1e65,A,95,V,T,0.96
671,1el1,A,93,A,S,-0.26
672,1el1,A,21,H,G,-0.48
673,1el1,A,56,I,L,-0.24
674,1el1,A,109,V,K,-0.43
675,1ey0,A,102,A,F,-1.71
676,1ey0,A,102,A,G,-1.37
677,1ey0,A,102,A,V,-1.84
678,1ey0,A,109,A,G,-0.98
679,1ey0,A,109,A,V,-2.82
680,1ey0,A,112,A,C,-0.75
681,1ey0,A,112,A,F,-1.35
682,1ey0,A,112,A,G,0.2
683,1ey0,A,112,A,V,-1.19
684,1ey0,A,12,A,G,-2.37
685,1ey0,A,12,A,V,-0.89
686,1ey0,A,130,A,G,-1.0
687,1ey0,A,130,A,V,-1.08
688,1ey0,A,132,A,G,-3.6
689,1ey0,A,132,A,V,-4.73
690,1ey0,A,17,A,G,0.19
691,1ey0,A,17,A,V,-1.94
692,1ey0,A,58,A,G,-2.53
693,1ey0,A,58,A,V,-2.63
694,1ey0,A,60,A,C,-1.12
695,1ey0,A,60,A,F,-0.8
696,1ey0,A,60,A,G,-1.45
697,1ey0,A,60,A,V,-2.68
698,1ey0,A,69,A,G,-2.1
699,1ey0,A,69,A,T,-3.03
700,1ey0,A,69,A,V,-2.8
701,1ey0,A,90,A,G,-1.92
702,1ey0,A,90,A,S,-2.24
703,1ey0,A,90,A,V,0.04
704,1ey0,A,94,A,G,-2.54
705,1ey0,A,94,A,V,-1.13
706,1ey0,A,19,D,A,-0.09
707,1ey0,A,19,D,F,-1.28
708,1ey0,A,19,D,G,-0.42
709,1ey0,A,19,D,K,-0.41
710,1ey0,A,19,D,N,0.07
711,1ey0,A,21,D,A,0.83
712,1ey0,A,21,D,G,0.46
713,1ey0,A,21,D,K,1.1
714,1ey0,A,21,D,N,1.43
715,1ey0,A,40,D,A,0.41
716,1ey0,A,40,D,G,-0.38
717,1ey0,A,77,D,A,-2.39
718,1ey0,A,77,D,G,-1.81
719,1ey0,A,77,D,K,-3.28
720,1ey0,A,77,D,N,-2.69
721,1ey0,A,83,D,A,-3.76
722,1ey0,A,83,D,G,-2.64
723,1ey0,A,95,D,A,-3.5
724,1ey0,A,95,D,G,-2.93
725,1ey0,A,101,E,A,-1.36
726,1ey0,A,101,E,F,-2.74
727,1ey0,A,101,E,G,-2.47
728,1ey0,A,10,E,A,-1.34
729,1ey0,A,10,E,G,-1.86
730,1ey0,A,10,E,K,-1.98
731,1ey0,A,10,E,Q,-0.97
732,1ey0,A,122,E,A,-0.27
733,1ey0,A,122,E,F,-0.44
734,1ey0,A,122,E,G,-1.99
735,1ey0,A,122,E,K,-2.53
736,1ey0,A,122,E,Q,-1.52
737,1ey0,A,129,E,A,-2.2
738,1ey0,A,129,E,F,-3.88
739,1ey0,A,129,E,G,-3.72
740,1ey0,A,135,E,A,-0.73
741,1ey0,A,135,E,F,-1.1
742,1ey0,A,135,E,G,-1.64
743,1ey0,A,135,E,K,-1.17
744,1ey0,A,135,E,Q,-0.71
745,1ey0,A,43,E,A,0.32
746,1ey0,A,43,E,D,0.2
747,1ey0,A,43,E,G,0.59
748,1ey0,A,52,E,A,-0.05
749,1ey0,A,52,E,F,-0.51
750,1ey0,A,52,E,G,-0.27
751,1ey0,A,57,E,A,-0.1
752,1ey0,A,57,E,C,-0.64
753,1ey0,A,57,E,F,-0.79
754,1ey0,A,57,E,G,-1.41
755,1ey0,A,57,E,K,0.01
756,1ey0,A,57,E,Q,-0.14
757,1ey0,A,67,E,A,-1.05
758,1ey0,A,67,E,F,-1.33
759,1ey0,A,67,E,G,-1.0
760,1ey0,A,67,E,Q,-0.57
761,1ey0,A,73,E,A,-1.46
762,1ey0,A,73,E,F,-0.88
763,1ey0,A,73,E,G,-2.76
764,1ey0,A,73,E,K,-2.06
765,1ey0,A,73,E,Q,-0.64
766,1ey0,A,75,E,A,-1.69
767,1ey0,A,75,E,G,-3.43
768,1ey0,A,75,E,K,-2.22
769,1ey0,A,75,E,Q,-0.61
770,1ey0,A,75,E,V,-2.31
771,1ey0,A,34,F,A,-3.8
772,1ey0,A,61,F,A,-2.34
773,1ey0,A,61,F,G,-4.76
774,1ey0,A,76,F,A,-4.1
775,1ey0,A,76,F,G,-4.73
776,1ey0,A,107,G,A,-4.41
777,1ey0,A,20,G,A,-0.12
778,1ey0,A,20,G,V,-2.18
779,1ey0,A,29,G,A,-1.41
780,1ey0,A,29,G,C,-1.26
781,1ey0,A,29,G,F,-1.46
782,1ey0,A,29,G,V,-3.11
783,1ey0,A,50,G,A,0.16
784,1ey0,A,50,G,C,-0.75
785,1ey0,A,50,G,F,-0.55
786,1ey0,A,50,G,V,-1.0
787,1ey0,A,55,G,A,-0.44
788,1ey0,A,55,G,V,-1.48
789,1ey0,A,79,G,A,-2.17
790,1ey0,A,79,G,D,-2.28
791,1ey0,A,79,G,S,-2.14
792,1ey0,A,79,G,V,-2.23
793,1ey0,A,86,G,A,-0.31
794,1ey0,A,86,G,F,-1.99
795,1ey0,A,86,G,V,-3.74
796,1ey0,A,88,G,A,0.19
797,1ey0,A,88,G,V,-0.24
798,1ey0,A,88,G,W,-0.1
799,1ey0,A,96,G,A,-1.8
800,1ey0,A,96,G,F,-2.55
801,1ey0,A,96,G,V,-3.74
802,1ey0,A,121,H,A,-2.92
803,1ey0,A,121,H,G,-4.09
804,1ey0,A,124,H,A,0.57
805,1ey0,A,124,H,E,0.46
806,1ey0,A,124,H,F,0.51
807,1ey0,A,124,H,G,-0.52
808,1ey0,A,124,H,L,1.31
809,1ey0,A,124,H,Q,0.69
810,1ey0,A,46,H,A,-0.45
811,1ey0,A,46,H,G,-0.17
812,1ey0,A,46,H,Y,0.0
813,1ey0,A,8,H,A,-0.48
814,1ey0,A,8,H,G,-0.85
815,1ey0,A,139,I,A,-3.29
816,1ey0,A,139,I,G,-4.22
817,1ey0,A,139,I,L,-0.09
818,1ey0,A,139,I,M,-0.39
819,1ey0,A,139,I,V,-1.37
820,1ey0,A,15,I,A,-2.73
821,1ey0,A,15,I,G,-3.43
822,1ey0,A,15,I,L,-0.62
823,1ey0,A,15,I,M,-0.15
824,1ey0,A,15,I,V,-0.88
825,1ey0,A,18,I,A,-2.65
826,1ey0,A,18,I,G,-2.63
827,1ey0,A,18,I,L,-0.14
828,1ey0,A,18,I,M,-0.68
829,1ey0,A,18,I,V,-0.96
830,1ey0,A,72,I,L,-0.23
831,1ey0,A,72,I,M,-1.88
832,1ey0,A,72,I,V,-1.79
833,1ey0,A,92,I,A,-4.12
834,1ey0,A,92,I,L,-0.6
835,1ey0,A,92,I,M,-1.75
836,1ey0,A,92,I,V,-0.46
837,1ey0,A,110,K,A,-1.13
838,1ey0,A,110,K,G,-2.59
839,1ey0,A,116,K,A,0.69
840,1ey0,A,116,K,F,0.21
841,1ey0,A,116,K,G,1.05
842,1ey0,A,127,K,A,0.24
843,1ey0,A,127,K,E,0.13
844,1ey0,A,127,K,F,-0.22
845,1ey0,A,127,K,G,-0.79
846,1ey0,A,127,K,Q,0.06
847,1ey0,A,133,K,A,-1.32
848,1ey0,A,133,K,F,-1.26
849,1ey0,A,133,K,G,-3.22
850,1ey0,A,133,K,Q,-0.44
851,1ey0,A,134,K,A,0.12
852,1ey0,A,134,K,C,-0.7
853,1ey0,A,134,K,F,-0.26
854,1ey0,A,134,K,G,-0.79
855,1ey0,A,136,K,A,-0.75
856,1ey0,A,136,K,F,-0.97
857,1ey0,A,136,K,G,-0.02
858,1ey0,A,16,K,A,-0.06
859,1ey0,A,16,K,F,-0.38
860,1ey0,A,16,K,G,-0.76
861,1ey0,A,24,K,A,-0.34
862,1ey0,A,24,K,F,-0.4
863,1ey0,A,24,K,G,-1.6
864,1ey0,A,28,K,A,-0.7
865,1ey0,A,28,K,E,-0.79
866,1ey0,A,28,K,F,-0.85
867,1ey0,A,28,K,G,-0.8
868,1ey0,A,28,K,Q,-0.28
869,1ey0,A,45,K,A,0.19
870,1ey0,A,45,K,G,0.2
871,1ey0,A,48,K,A,0.09
872,1ey0,A,48,K,E,0.1
873,1ey0,A,48,K,F,-0.25
874,1ey0,A,48,K,G,0.24
875,1ey0,A,48,K,Q,-0.02
876,1ey0,A,49,K,A,-0.25
877,1ey0,A,49,K,F,0.2
878,1ey0,A,49,K,G,-0.1
879,1ey0,A,53,K,A,-0.17
880,1ey0,A,53,K,G,-0.08
881,1ey0,A,63,K,A,-0.32
882,1ey0,A,63,K,E,-1.47
883,1ey0,A,63,K,F,-1.83
884,1ey0,A,63,K,G,-1.57
885,1ey0,A,63,K,Q,-0.89
886,1ey0,A,64,K,A,0.16
887,1ey0,A,64,K,E,-1.68
888,1ey0,A,64,K,F,-0.09
889,1ey0,A,64,K,G,-0.51
890,1ey0,A,64,K,Q,0.0
891,1ey0,A,6,K,A,0.19
892,1ey0,A,6,K,G,0.25
893,1ey0,A,70,K,A,-0.16
894,1ey0,A,70,K,C,-0.48
895,1ey0,A,70,K,E,-0.3
896,1ey0,A,70,K,F,-0.03
897,1ey0,A,70,K,G,-0.6
898,1ey0,A,70,K,Q,-0.25
899,1ey0,A,70,K,W,-0.4
900,1ey0,A,71,K,A,-0.55
901,1ey0,A,71,K,F,0.04
902,1ey0,A,71,K,G,-1.31
903,1ey0,A,78,K,A,-0.5
904,1ey0,A,78,K,C,-0.26
905,1ey0,A,78,K,E,-0.69
906,1ey0,A,78,K,F,0.05
907,1ey0,A,78,K,G,-1.07
908,1ey0,A,78,K,Q,-0.15
909,1ey0,A,84,K,A,0.1
910,1ey0,A,84,K,E,0.0
911,1ey0,A,84,K,F,-0.75
912,1ey0,A,84,K,G,-0.39
913,1ey0,A,84,K,Q,-0.15
914,1ey0,A,97,K,A,-0.22
915,1ey0,A,97,K,E,-0.47
916,1ey0,A,97,K,F,-0.58
917,1ey0,A,97,K,G,-1.85
918,1ey0,A,97,K,Q,-0.3
919,1ey0,A,9,K,A,-1.38
920,1ey0,A,9,K,F,-1.03
921,1ey0,A,9,K,G,-1.88
922,1ey0,A,103,L,A,-4.6
923,1ey0,A,103,L,I,-1.11
924,1ey0,A,103,L,V,-2.05
925,1ey0,A,108,L,I,-3.34
926,1ey0,A,108,L,V,-3.81
927,1ey0,A,125,L,A,-4.78
928,1ey0,A,125,L,I,-0.96
929,1ey0,A,125,L,V,-2.3
930,1ey0,A,137,L,A,-2.18
931,1ey0,A,137,L,G,-4.43
932,1ey0,A,137,L,I,-0.76
933,1ey0,A,137,L,V,-1.42
934,1ey0,A,14,L,A,-2.38
935,1ey0,A,14,L,G,-3.84
936,1ey0,A,14,L,I,-1.6
937,1ey0,A,14,L,V,-1.63
938,1ey0,A,25,L,A,-2.77
939,1ey0,A,25,L,G,-4.58
940,1ey0,A,25,L,I,-1.83
941,1ey0,A,25,L,V,-1.85
942,1ey0,A,36,L,A,-3.66
943,1ey0,A,36,L,I,-3.09
944,1ey0,A,36,L,V,-3.58
945,1ey0,A,37,L,A,-1.51
946,1ey0,A,37,L,G,-3.79
947,1ey0,A,37,L,I,-1.82
948,1ey0,A,37,L,V,-2.78
949,1ey0,A,38,L,A,-1.51
950,1ey0,A,38,L,G,-0.28
951,1ey0,A,38,L,I,-2.06
952,1ey0,A,38,L,V,-0.14
953,1ey0,A,7,L,A,-1.35
954,1ey0,A,7,L,G,-1.26
955,1ey0,A,7,L,I,-0.77
956,1ey0,A,7,L,V,-1.15
957,1ey0,A,89,L,A,-2.6
958,1ey0,A,89,L,F,-1.2
959,1ey0,A,89,L,G,-3.18
960,1ey0,A,89,L,I,-1.04
961,1ey0,A,89,L,V,-1.42
962,1ey0,A,26,M,A,-1.61
963,1ey0,A,26,M,G,-1.95
964,1ey0,A,26,M,I,-0.84
965,1ey0,A,26,M,L,-0.31
966,1ey0,A,32,M,A,-1.81
967,1ey0,A,32,M,G,-2.54
968,1ey0,A,32,M,I,-0.56
969,1ey0,A,32,M,L,-0.76
970,1ey0,A,65,M,A,-2.06
971,1ey0,A,65,M,F,-1.62
972,1ey0,A,65,M,G,-4.66
973,1ey0,A,65,M,I,-1.43
974,1ey0,A,65,M,L,-0.73
975,1ey0,A,98,M,A,-4.43
976,1ey0,A,98,M,G,-4.44
977,1ey0,A,98,M,I,-4.39
978,1ey0,A,98,M,L,-2.3
979,1ey0,A,100,N,G,-4.98
980,1ey0,A,118,N,A,-1.88
981,1ey0,A,118,N,D,-2.34
982,1ey0,A,118,N,G,-1.61
983,1ey0,A,119,N,A,-1.03
984,1ey0,A,119,N,G,-0.97
985,1ey0,A,138,N,A,-0.97
986,1ey0,A,138,N,G,0.59
987,1ey0,A,68,N,A,-0.38
988,1ey0,A,68,N,G,-0.35
989,1ey0,A,106,Q,A,0.25
990,1ey0,A,106,Q,G,-1.5
991,1ey0,A,123,Q,A,-0.1
992,1ey0,A,123,Q,F,-0.51
993,1ey0,A,123,Q,G,-0.44
994,1ey0,A,131,Q,A,-0.1
995,1ey0,A,131,Q,F,-0.55
996,1ey0,A,131,Q,G,-2.26
997,1ey0,A,30,Q,A,-0.25
998,1ey0,A,30,Q,G,-0.93
999,1ey0,A,80,Q,A,-0.02
1000,1ey0,A,80,Q,F,-0.58
1001,1ey0,A,80,Q,G,-1.25
1002,1ey0,A,105,R,A,-1.32
1003,1ey0,A,105,R,C,-2.55
1004,1ey0,A,105,R,F,-2.84
1005,1ey0,A,105,R,G,-2.4
1006,1ey0,A,126,R,A,-1.64
1007,1ey0,A,126,R,G,-2.86
1008,1ey0,A,35,R,A,-1.38
1009,1ey0,A,35,R,G,-2.26
1010,1ey0,A,81,R,A,-1.1
1011,1ey0,A,81,R,G,-2.06
1012,1ey0,A,87,R,A,-0.79
1013,1ey0,A,87,R,G,-2.53
1014,1ey0,A,128,S,A,0.83
1015,1ey0,A,128,S,F,-1.0
1016,1ey0,A,128,S,G,-1.52
1017,1ey0,A,141,S,A,-0.27
1018,1ey0,A,141,S,G,-0.82
1019,1ey0,A,59,S,A,0.62
1020,1ey0,A,59,S,F,0.56
1021,1ey0,A,59,S,G,-1.03
1022,1ey0,A,120,T,A,-1.08
1023,1ey0,A,120,T,C,-1.59
1024,1ey0,A,120,T,G,-1.87
1025,1ey0,A,120,T,I,-1.54
1026,1ey0,A,120,T,S,-0.57
1027,1ey0,A,120,T,V,-1.63
1028,1ey0,A,13,T,A,-0.73
1029,1ey0,A,13,T,C,-1.2
1030,1ey0,A,13,T,G,-1.16
1031,1ey0,A,13,T,I,-0.05
1032,1ey0,A,13,T,S,-0.35
1033,1ey0,A,13,T,V,-0.26
1034,1ey0,A,22,T,A,-1.69
1035,1ey0,A,22,T,C,-0.95
1036,1ey0,A,22,T,G,-2.54
1037,1ey0,A,22,T,I,-0.61
1038,1ey0,A,22,T,S,-0.74
1039,1ey0,A,22,T,V,-0.85
1040,1ey0,A,33,T,A,-1.52
1041,1ey0,A,33,T,C,-1.04
1042,1ey0,A,33,T,G,-2.62
1043,1ey0,A,33,T,I,0.73
1044,1ey0,A,33,T,S,-1.35
1045,1ey0,A,33,T,V,0.47
1046,1ey0,A,41,T,A,0.07
1047,1ey0,A,41,T,C,0.74
1048,1ey0,A,41,T,G,-1.79
1049,1ey0,A,41,T,I,0.86
1050,1ey0,A,41,T,S,-0.88
1051,1ey0,A,41,T,V,0.9
1052,1ey0,A,44,T,A,-0.23
1053,1ey0,A,44,T,C,-0.04
1054,1ey0,A,44,T,G,-0.37
1055,1ey0,A,44,T,I,-0.56
1056,1ey0,A,44,T,S,0.04
1057,1ey0,A,44,T,V,0.09
1058,1ey0,A,62,T,A,-2.23
1059,1ey0,A,62,T,C,-1.05
1060,1ey0,A,62,T,G,-3.52
1061,1ey0,A,62,T,I,-1.17
1062,1ey0,A,62,T,S,-2.15
1063,1ey0,A,62,T,V,0.1
1064,1ey0,A,82,T,A,-0.89
1065,1ey0,A,82,T,C,-0.19
1066,1ey0,A,82,T,G,-2.03
1067,1ey0,A,82,T,I,0.51
1068,1ey0,A,82,T,S,-0.75
1069,1ey0,A,82,T,V,0.24
1070,1ey0,A,104,V,A,-2.82
1071,1ey0,A,104,V,I,0.27
1072,1ey0,A,104,V,L,-0.76
1073,1ey0,A,104,V,S,-4.86
1074,1ey0,A,104,V,T,-2.45
1075,1ey0,A,111,V,A,-4.26
1076,1ey0,A,111,V,G,-4.82
1077,1ey0,A,111,V,I,-0.74
1078,1ey0,A,111,V,L,-0.88
1079,1ey0,A,111,V,S,-4.71
1080,1ey0,A,111,V,T,-2.36
1081,1ey0,A,114,V,A,0.14
1082,1ey0,A,114,V,G,-0.03
1083,1ey0,A,114,V,I,-0.15
1084,1ey0,A,114,V,L,-1.07
1085,1ey0,A,114,V,S,-0.04
1086,1ey0,A,114,V,T,-0.31
1087,1ey0,A,23,V,A,-2.7
1088,1ey0,A,23,V,F,-1.93
1089,1ey0,A,23,V,I,0.03
1090,1ey0,A,23,V,L,-0.02
1091,1ey0,A,23,V,S,-4.76
1092,1ey0,A,23,V,T,-3.34
1093,1ey0,A,39,V,A,-2.16
1094,1ey0,A,39,V,G,-4.61
1095,1ey0,A,39,V,I,0.11
1096,1ey0,A,39,V,L,-0.9
1097,1ey0,A,39,V,S,-2.44
1098,1ey0,A,39,V,T,-1.55
1099,1ey0,A,51,V,A,-0.05
1100,1ey0,A,51,V,G,-0.17
1101,1ey0,A,51,V,I,0.09
1102,1ey0,A,51,V,L,-0.1
1103,1ey0,A,51,V,S,0.01
1104,1ey0,A,51,V,T,0.2
1105,1ey0,A,66,V,A,-2.34
1106,1ey0,A,66,V,G,-4.49
1107,1ey0,A,66,V,I,-0.76
1108,1ey0,A,66,V,K,-4.83
1109,1ey0,A,66,V,L,0.37
1110,1ey0,A,66,V,M,-0.14
1111,1ey0,A,66,V,S,-3.09
1112,1ey0,A,66,V,T,-1.34
1113,1ey0,A,66,V,W,-2.69
1114,1ey0,A,74,V,A,-3.23
1115,1ey0,A,74,V,I,-1.91
1116,1ey0,A,74,V,L,-1.12
1117,1ey0,A,74,V,T,-3.88
1118,1ey0,A,99,V,A,-3.35
1119,1ey0,A,99,V,I,-0.14
1120,1ey0,A,99,V,L,-0.15
1121,1ey0,A,99,V,T,-3.36
1122,1ey0,A,113,Y,A,0.06
1123,1ey0,A,113,Y,F,0.07
1124,1ey0,A,113,Y,G,-0.2
1125,1ey0,A,113,Y,L,0.2
1126,1ey0,A,115,Y,A,-0.25
1127,1ey0,A,115,Y,F,-0.02
1128,1ey0,A,115,Y,G,-0.56
1129,1ey0,A,115,Y,L,-0.22
1130,1ey0,A,27,Y,A,-3.63
1131,1ey0,A,27,Y,C,-2.72
1132,1ey0,A,27,Y,F,-0.4
1133,1ey0,A,27,Y,H,-1.86
1134,1ey0,A,27,Y,I,-2.28
1135,1ey0,A,27,Y,K,-3.78
1136,1ey0,A,27,Y,L,-1.55
1137,1ey0,A,27,Y,M,-1.94
1138,1ey0,A,27,Y,N,-3.83
1139,1ey0,A,27,Y,Q,-3.31
1140,1ey0,A,27,Y,R,-3.05
1141,1ey0,A,27,Y,S,-3.21
1142,1ey0,A,27,Y,T,-3.18
1143,1ey0,A,27,Y,V,-2.65
1144,1ey0,A,27,Y,W,-0.72
1145,1ey0,A,54,Y,A,-1.97
1146,1ey0,A,54,Y,F,-0.38
1147,1ey0,A,54,Y,G,-1.72
1148,1ey0,A,54,Y,L,-3.31
1149,1ey0,A,85,Y,A,-0.41
1150,1ey0,A,85,Y,F,-0.07
1151,1ey0,A,85,Y,G,-1.05
1152,1ey0,A,85,Y,L,-0.15
1153,1ey0,A,91,Y,F,-2.27
1154,1ey0,A,91,Y,L,-3.83
1155,1ey0,A,93,Y,F,-1.81
1156,1ey0,A,93,Y,L,-4.53
1157,1fc1,A,399,D,A,-0.7
1158,1fc1,A,405,F,A,-2.5
1159,1fc1,A,370,K,A,-1.1
1160,1fc1,A,392,K,A,-0.4
1161,1fc1,A,409,K,A,-2.4
1162,1fc1,A,351,L,A,-1.3
1163,1fc1,A,368,L,A,-2.2
1164,1fc1,A,398,L,A,-0.1
1165,1fc1,A,395,P,A,-3.2
1166,1fc1,A,347,Q,A,-1.1
1167,1fc1,A,350,T,A,-0.1
1168,1fc1,A,366,T,A,-2.3
1169,1fc1,A,394,T,A,-0.6
1170,1fc1,A,397,V,A,-0.6
1171,1fc1,A,349,Y,A,-0.7
1172,1fc1,A,407,Y,A,-2.1
1173,1fkj,A,60,E,A,-1.71
1174,1fkj,A,60,E,G,-2.62
1175,1fkj,A,61,E,A,-0.73
1176,1fkj,A,61,E,G,-2.2
1177,1fkj,A,36,F,A,-3.07
1178,1fkj,A,56,I,A,-2.04
1179,1fkj,A,56,I,D,-2.88
1180,1fkj,A,56,I,T,-1.95
1181,1fkj,A,76,I,A,-3.36
1182,1fkj,A,76,I,V,-0.33
1183,1fkj,A,7,I,V,-0.9
1184,1fkj,A,91,I,A,-1.33
1185,1fkj,A,91,I,V,-0.1
1186,1fkj,A,106,L,A,-2.08
1187,1fkj,A,50,L,A,-2.22
1188,1fkj,A,97,L,A,-3.01
1189,1fkj,A,57,R,A,-0.55
1190,1fkj,A,57,R,G,-1.89
1191,1fkj,A,21,T,A,-1.24
1192,1fkj,A,21,T,S,-1.06
1193,1fkj,A,21,T,V,0.56
1194,1fkj,A,27,T,A,-1.71
1195,1fkj,A,27,T,S,-1.07
1196,1fkj,A,27,T,V,0.58
1197,1fkj,A,75,T,A,-2.27
1198,1fkj,A,75,T,V,-0.7
1199,1fkj,A,101,V,A,-2.39
1200,1fkj,A,23,V,A,-2.62
1201,1fkj,A,24,V,A,-3.04
1202,1fkj,A,2,V,A,-2.18
1203,1fkj,A,4,V,A,-2.26
1204,1fkj,A,55,V,A,-1.78
1205,1fkj,A,63,V,A,-2.56
1206,1fkj,A,98,V,A,-1.99
1207,1fkj,A,59,W,F,2.72
1208,1fkj,A,59,W,L,2.35
1209,1flv,A,87,G,L,-0.64
1210,1flv,A,87,G,V,-0.13
1211,1fna,A,13,A,G,-1.18
1212,1fna,A,57,A,G,-2.49
1213,1fna,A,74,A,G,-1.56
1214,1fna,A,48,F,A,-1.98
1215,1fna,A,20,I,A,-0.65
1216,1fna,A,20,I,V,-0.18
1217,1fna,A,34,I,A,-4.86
1218,1fna,A,34,I,V,-0.11
1219,1fna,A,59,I,A,-3.33
1220,1fna,A,59,I,V,-0.72
1221,1fna,A,70,I,A,-4.11
1222,1fna,A,70,I,V,-1.28
1223,1fna,A,88,I,A,-0.67
1224,1fna,A,88,I,V,-0.33
1225,1fna,A,90,I,A,-0.69
1226,1fna,A,90,I,V,-0.4
1227,1fna,A,18,L,A,-0.99
1228,1fna,A,62,L,A,-2.88
1229,1fna,A,8,L,A,-1.81
1230,1fna,A,85,S,A,0.13
1231,1fna,A,10,V,A,-1.17
1232,1fna,A,29,V,A,-1.37
1233,1fna,A,50,V,A,-2.85
1234,1fna,A,66,V,A,-0.91
1235,1fna,A,72,V,A,-3.17
1236,1fna,A,22,W,F,-1.97
1237,1fna,A,32,Y,A,-4.23
1238,1fna,A,32,Y,F,-0.54
1239,1fna,A,32,Y,L,-2.74
1240,1fna,A,36,Y,A,-1.49
1241,1fna,A,68,Y,A,-1.88
1242,1fna,A,68,Y,F,-2.14
1243,1fna,A,92,Y,A,-1.11
1244,1fna,A,92,Y,F,0.13
1245,1ftg,A,84,A,G,-1.9
1246,1ftg,A,126,D,K,0.81
1247,1ftg,A,150,D,K,-0.28
1248,1ftg,A,43,D,A,0.07
1249,1ftg,A,65,D,K,-0.26
1250,1ftg,A,75,D,K,1.0
1251,1ftg,A,20,E,K,1.905
1252,1ftg,A,40,E,K,1.61
1253,1ftg,A,61,E,K,0.88
1254,1ftg,A,72,E,K,1.28
1255,1ftg,A,104,I,V,-0.57
1256,1ftg,A,156,I,V,-3.16
1257,1ftg,A,22,I,A,-1.7
1258,1ftg,A,22,I,V,-1.66
1259,1ftg,A,51,I,V,-1.75
1260,1ftg,A,52,I,V,-1.19
1261,1ftg,A,143,L,A,-0.17
1262,1ftg,A,6,L,A,-3.11
1263,1ftg,A,97,N,A,-0.58
1264,1ftg,A,99,Q,A,1.59
1265,1ftg,A,110,S,A,-0.73
1266,1ftg,A,71,S,A,-0.44
1267,1ftg,A,122,T,S,0.03
1268,1ftg,A,117,V,A,-2.02
1269,1ftg,A,139,V,A,-1.09
1270,1ftg,A,160,V,A,-2.07
1271,1ftg,A,31,V,A,-1.85
1272,1fvk,A,30,C,S,-1.79
1273,1fvk,A,33,C,S,-1.15
1274,1fvk,A,32,H,L,5.3
1275,1fvk,A,32,H,S,5.2
1276,1fvk,A,32,H,Y,6.8
1277,1g4i,A,106,F,A,-1.23
1278,1g4i,A,106,F,I,0.95
1279,1g4i,A,106,F,Y,0.07
1280,1g4i,A,22,F,A,0.25
1281,1g4i,A,22,F,I,1.43
1282,1g4i,A,22,F,Y,0.83
1283,1g4i,A,48,H,A,-1.93
1284,1g4i,A,48,H,N,-2.44
1285,1g4i,A,48,H,Q,-0.49
1286,1g6n,A,128,S,A,-0.22
1287,1g6n,A,128,S,P,0.14
1288,1h7m,A,12,D,A,0.24
1289,1h7m,A,2,D,A,-0.53
1290,1h7m,A,44,D,A,0.05
1291,1h7m,A,48,D,A,0.36
1292,1h7m,A,87,D,A,-1.36
1293,1h7m,A,47,E,A,-0.05
1294,1h7m,A,50,E,A,0.57
1295,1h7m,A,62,E,A,-1.29
1296,1h7m,A,64,E,A,-0.26
1297,1h7m,A,69,E,A,-0.74
1298,1h7m,A,6,E,A,-0.77
1299,1h7m,A,90,E,A,-0.41
1300,1h7m,A,78,H,A,-0.5
1301,1h7m,A,15,K,A,-0.91
1302,1h7m,A,22,K,A,0.43
1303,1h7m,A,28,K,A,-1.2
1304,1h7m,A,33,K,A,0.12
1305,1h7m,A,46,K,A,-1.1
1306,1h7m,A,9,K,A,-0.29
1307,1h7m,A,21,R,A,0.07
1308,1h7m,A,39,R,A,-0.07
1309,1h7m,A,42,R,A,0.33
1310,1h7m,A,54,R,A,-0.26
1311,1h7m,A,76,R,A,0.19
1312,1h7m,A,8,R,A,-0.77
1313,1h7m,A,92,R,A,-0.31
1314,1hfy,A,29,T,I,3.23
1315,1hfy,A,29,T,V,1.86
1316,1hfy,A,38,T,A,-1.6
1317,1hfz,A,106,A,S,-1.05
1318,1hfz,A,107,H,A,-0.79
1319,1hfz,A,107,H,W,-1.72
1320,1hfz,A,107,H,Y,-0.19
1321,1hfz,A,32,H,A,-2.13
1322,1hfz,A,32,H,Y,0.07
1323,1hfz,A,59,I,W,-0.93
1324,1hfz,A,114,K,E,-0.65
1325,1hfz,A,114,K,N,2.65
1326,1hfz,A,114,K,Q,-0.6
1327,1hfz,A,110,L,E,-0.19
1328,1hfz,A,110,L,H,1.39
1329,1hfz,A,110,L,R,0.43
1330,1hfz,A,117,Q,A,-0.96
1331,1hfz,A,54,Q,A,-0.41
1332,1hfz,A,42,V,A,-0.93
1333,1hfz,A,42,V,G,-1.15
1334,1hfz,A,42,V,N,-0.24
1335,1hfz,A,104,W,Y,-2.44
1336,1hfz,A,118,W,H,-0.6
1337,1hfz,A,118,W,Y,-1.17
1338,1hfz,A,103,Y,A,-2.39
1339,1hfz,A,103,Y,P,-0.22
1340,1hk0,X,56,F,A,-1.2
1341,1hk0,X,81,I,A,-2.6
1342,1hk0,X,145,L,A,-2.6
1343,1hk0,X,147,M,A,-1.1
1344,1hk0,X,43,M,A,-0.7
1345,1hk0,X,143,Q,A,-0.4
1346,1hk0,X,54,Q,A,0.5
1347,1hk0,X,79,R,A,-2.3
1348,1hk0,X,132,V,A,-3.8
1349,1hk0,X,170,V,A,1.3
1350,1hme,A,35,G,H,0.47
1351,1hme,A,34,I,H,0.0
1352,1hme,A,33,S,H,-1.5
1353,1hmk,A,30,A,I,1.47
1354,1hmk,A,30,A,T,0.48
1355,1hmk,A,87,D,N,-1.14
1356,1hmk,A,55,I,V,-2.72
1357,1hmk,A,89,I,V,-0.86
1358,1hmk,A,95,I,V,-1.72
1359,1hmk,A,93,K,A,-1.72
1360,1hmk,A,105,L,A,-0.28
1361,1hmk,A,110,L,A,-0.35
1362,1hmk,A,12,L,A,-2.73
1363,1hmk,A,52,L,A,-3.22
1364,1hmk,A,96,L,A,-1.75
1365,1hmk,A,29,T,I,3.55
1366,1hmk,A,29,T,V,2.26
1367,1hmk,A,33,T,I,-0.64
1368,1hmk,A,38,T,A,-1.3
1369,1hmk,A,27,V,A,-1.24
1370,1hmk,A,8,V,A,-0.83
1371,1hmk,A,90,V,A,0.9
1372,1hmk,A,104,W,F,-1.96
1373,1hmk,A,118,W,F,-0.31
1374,1hmk,A,26,W,F,-2.11
1375,1hmk,A,60,W,A,-2.01
1376,1hmk,A,60,W,F,-0.68
1377,1hmk,A,103,Y,F,-2.13
1378,1hms,A,72,E,S,-3.67
1379,1hms,A,16,F,S,-3.98
1380,1hms,A,16,F,Y,-2.56
1381,1hms,A,4,F,S,-3.67
1382,1hms,A,57,F,S,-2.43
1383,1hms,A,64,F,S,-3.82
1384,1hms,A,67,G,S,-1.22
1385,1hms,A,21,K,I,0.0
1386,1hms,A,66,L,G,-3.67
1387,1hms,A,106,R,T,-2.84
1388,1hms,A,126,R,K,-3.26
1389,1hms,A,126,R,Q,-0.31
1390,1hms,A,40,T,E,-2.4
1391,1hms,A,40,T,Q,-2.73
1392,1hms,A,40,T,V,-0.76
1393,1hms,A,8,W,E,-3.82
1394,1hms,A,128,Y,F,-2.68
1395,1hti,A,193,K,A,0.5
1396,1hti,A,179,Q,A,0.05
1397,1hti,A,179,Q,D,0.75
1398,1hti,A,105,S,D,-0.65
1399,1hue,A,27,A,S,-1.19
1400,1hue,A,56,A,S,-0.13
1401,1hue,A,69,M,I,0.0
1402,1hue,A,31,S,T,0.41
1403,1hue,A,42,V,I,-0.82
1404,1huu,A,27,A,S,-1.19
1405,1huu,A,56,A,S,-0.13
1406,1huu,A,69,M,I,0.0
1407,1huu,A,31,S,T,0.41
1408,1huu,A,42,V,I,-0.82
1409,1iet,A,60,D,R,0.14
1410,1ifc,A,104,A,C,1.32
1411,1ifc,A,68,F,A,-0.42
1412,1ifc,A,93,F,A,-2.37
1413,1ifc,A,65,G,A,-0.94
1414,1ifc,A,23,I,C,0.51
1415,1ifc,A,64,L,A,-1.68
1416,1ifc,A,64,L,G,-2.26
1417,1ifc,A,72,L,C,0.02
1418,1ifc,A,89,L,C,-1.25
1419,1ifc,A,53,S,C,0.31
1420,1ifc,A,60,V,C,-0.07
1421,1ifc,A,60,V,N,-0.83
1422,1ifc,A,6,W,Y,-0.87
1423,1ifc,A,82,W,Y,-0.39
1424,1igv,A,19,D,N,0.72
1425,1igv,A,17,E,Q,0.38
1426,1igv,A,26,E,Q,0.1
1427,1igv,A,10,F,A,-4.12
1428,1igv,A,66,F,A,-4.2
1429,1igv,A,66,F,W,-0.93
1430,1igv,A,73,I,V,-1.34
1431,1igv,A,23,L,A,-3.24
1432,1igv,A,23,L,G,-3.95
1433,1igv,A,28,L,A,-2.2
1434,1igv,A,6,L,V,-1.72
1435,1igv,A,61,V,A,-2.93
1436,1igv,A,61,V,G,-3.6
1437,1igv,A,70,V,L,-0.13
1438,1igv,A,13,Y,F,-1.08
1439,1ihb,A,37,F,H,-0.66
1440,1ihb,A,71,F,N,0.46
1441,1ihb,A,82,F,Q,-0.37
1442,1ihb,A,92,F,N,-0.71
1443,1ihb,A,55,R,V,-0.15
1444,1imq,A,25,A,G,-0.14
1445,1imq,A,31,E,L,-0.67
1446,1imq,A,41,E,V,0.89
1447,1imq,A,19,V,L,-1.82
1448,1imq,A,34,V,L,0.33
1449,1imq,A,37,V,L,-0.26
1450,1imq,A,68,V,I,-0.81
1451,1imq,A,71,V,I,0.07
1452,1io2,A,105,D,A,1.72
1453,1io2,A,135,D,A,1.82
1454,1io2,A,7,D,N,0.46
1455,1io2,A,8,E,A,1.77
1456,1io2,A,8,E,Q,-1.25
1457,1iob,A,97,K,G,-1.2
1458,1iob,A,97,K,R,-0.5
1459,1iob,A,97,K,V,0.8
1460,1iob,A,9,T,A,-0.8
1461,1iob,A,9,T,G,-2.6
1462,1iob,A,9,T,L,-0.7
1463,1iob,A,9,T,Q,-1.9
1464,1iro,A,33,I,L,0.76
1465,1iro,A,24,V,I,0.36
1466,1jiw,I,10,D,A,-0.7
1467,1jiw,I,15,W,F,-2.3
1468,1k9q,A,20,A,R,0.89
1469,1k9q,A,34,D,T,0.35
1470,1k9q,A,30,L,Y,0.17
1471,1kcq,A,187,D,N,-1.05
1472,1kcq,A,187,D,Y,-2.03
1473,1kdx,A,640,Y,F,0.0
1474,1ke4,A,150,Y,F,-2.05
1475,1kfw,A,253,G,P,0.62
1476,1kfw,A,405,G,Q,0.62
1477,1kfw,A,92,G,P,0.53
1478,1kfw,A,197,N,K,0.84
1479,1l63,A,129,A,M,-2.8
1480,1l63,A,104,F,A,-2.7
1481,1l63,A,104,F,M,-0.4
1482,1l63,A,100,I,A,-2.5
1483,1l63,A,17,I,A,-2.3
1484,1l63,A,17,I,M,-2.2
1485,1l63,A,27,I,M,-3.1
1486,1l63,A,50,I,A,-1.6
1487,1l63,A,50,I,M,-0.4
1488,1l63,A,78,I,A,-1.2
1489,1l63,A,118,L,A,-3.2
1490,1l63,A,33,L,A,-2.9
1491,1l63,A,33,L,M,-2.0
1492,1l63,A,66,L,A,-3.3
1493,1l63,A,66,L,M,-1.0
1494,1l63,A,7,L,A,-2.3
1495,1l63,A,84,L,A,-3.7
1496,1l63,A,91,L,A,-2.6
1497,1l63,A,102,M,A,-2.9
1498,1l63,A,106,M,A,-1.9
1499,1l63,A,6,M,A,-1.6
1500,1l63,A,103,V,A,-1.6
1501,1l63,A,111,V,M,-0.7
1502,1l63,A,149,V,M,-2.8
1503,1l63,A,87,V,A,-1.5
1504,1l63,A,87,V,M,-2.3
1505,1lbi,A,84,K,L,-0.2
1506,1lmb,4,49,A,V,-1.22
1507,1lmb,4,66,A,T,-2.99
1508,1lmb,4,46,G,A,0.66
1509,1lmb,4,48,G,A,0.87
1510,1lmb,4,48,G,N,0.79
1511,1lmb,4,48,G,S,0.68
1512,1lmb,4,84,I,S,-2.25
1513,1lmb,4,4,K,Q,0.43
1514,1lmb,4,33,Q,Y,1.32
1515,1lmb,4,44,Q,Y,-0.02
1516,1lmb,4,22,Y,H,-2.25
1517,1lmb,4,88,Y,C,2.4
1518,1lni,A,17,D,K,-1.1
1519,1lni,A,25,D,K,0.9
1520,1lni,A,79,D,A,2.48
1521,1lni,A,79,D,E,-0.4
1522,1lni,A,79,D,F,2.73
1523,1lni,A,79,D,H,1.7
1524,1lni,A,79,D,I,2.85
1525,1lni,A,79,D,K,2.35
1526,1lni,A,79,D,L,2.65
1527,1lni,A,79,D,N,1.46
1528,1lni,A,79,D,R,2.7
1529,1lni,A,79,D,W,2.25
1530,1lni,A,79,D,Y,2.9
1531,1lni,A,41,E,K,-1.11
1532,1lni,A,54,E,Q,-1.96
1533,1lni,A,74,E,K,0.84
1534,1lni,A,85,H,Q,0.0
1535,1lni,A,39,N,A,-2.2
1536,1lni,A,39,N,D,-1.5
1537,1lni,A,39,N,S,-2.3
1538,1lni,A,38,Q,A,0.74
1539,1lni,A,94,Q,K,0.56
1540,1lni,A,65,R,A,-1.13
1541,1lni,A,16,T,V,0.3
1542,1lni,A,18,T,V,-1.4
1543,1lni,A,56,T,V,-1.9
1544,1lni,A,59,T,V,-1.7
1545,1lni,A,5,T,V,0.0
1546,1lni,A,67,T,V,0.0
1547,1lni,A,72,T,V,-0.2
1548,1lni,A,82,T,V,-1.7
1549,1lni,A,2,V,T,-0.9
1550,1lni,A,36,V,T,-1.3
1551,1lni,A,43,V,T,-0.5
1552,1lni,A,57,V,T,-4.4
1553,1lni,A,30,Y,F,0.4
1554,1lni,A,49,Y,F,-0.2
1555,1lni,A,51,Y,F,-2.3
1556,1lni,A,52,Y,F,-3.6
1557,1lni,A,55,Y,F,-0.6
1558,1lni,A,80,Y,F,-1.5
1559,1lni,A,81,Y,F,-1.2
1560,1lni,A,86,Y,F,-0.3
1561,1luc,A,81,A,H,-2.7
1562,1luc,B,81,H,A,-2.1
1563,1luc,B,82,H,A,-2.7
1564,1lve,A,106,I,L,-0.51
1565,1lve,A,30,K,R,-0.55
1566,1lve,A,30,K,T,-1.33
1567,1lve,A,39,K,T,-2.29
1568,1lve,A,4,M,L,1.04
1569,1lve,A,28,N,F,-2.41
1570,1lve,A,38,Q,N,-1.6
1571,1lve,A,89,Q,H,-0.9
1572,1lve,A,89,Q,N,-1.26
1573,1lve,A,29,S,N,0.39
1574,1lve,A,97,S,T,0.13
1575,1lve,A,94,T,H,0.73
1576,1lve,A,96,Y,Q,-2.09
1577,1lz1,A,32,A,L,-0.1
1578,1lz1,A,32,A,S,-0.33
1579,1lz1,A,92,A,S,0.81
1580,1lz1,A,96,A,M,0.02
1581,1lz1,A,96,A,S,-1.0
1582,1lz1,A,9,A,S,-0.02
1583,1lz1,A,77,C,A,-4.6
1584,1lz1,A,102,D,N,-0.67
1585,1lz1,A,120,D,N,-0.67
1586,1lz1,A,18,D,N,-1.7
1587,1lz1,A,49,D,N,-1.0
1588,1lz1,A,67,D,H,-3.73
1589,1lz1,A,67,D,N,-2.25
1590,1lz1,A,35,E,L,-0.53
1591,1lz1,A,7,E,Q,-1.43
1592,1lz1,A,105,G,A,-0.62
1593,1lz1,A,127,G,A,-0.55
1594,1lz1,A,129,G,A,0.14
1595,1lz1,A,16,G,A,-1.39
1596,1lz1,A,19,G,A,-1.77
1597,1lz1,A,22,G,A,-1.79
1598,1lz1,A,37,G,A,-0.29
1599,1lz1,A,37,G,Q,-0.4
1600,1lz1,A,48,G,A,0.45
1601,1lz1,A,68,G,A,-0.12
1602,1lz1,A,72,G,A,-0.36
1603,1lz1,A,78,H,A,-0.14
1604,1lz1,A,78,H,G,-0.21
1605,1lz1,A,106,I,A,-0.93
1606,1lz1,A,106,I,V,-0.72
1607,1lz1,A,23,I,A,-2.54
1608,1lz1,A,23,I,V,-0.36
1609,1lz1,A,56,I,A,-3.71
1610,1lz1,A,56,I,F,-4.09
1611,1lz1,A,56,I,L,-0.1
1612,1lz1,A,56,I,M,-1.77
1613,1lz1,A,56,I,T,-4.31
1614,1lz1,A,56,I,V,-1.2
1615,1lz1,A,59,I,A,-1.72
1616,1lz1,A,59,I,F,-0.81
1617,1lz1,A,59,I,G,-3.83
1618,1lz1,A,59,I,L,0.0
1619,1lz1,A,59,I,M,-1.29
1620,1lz1,A,59,I,S,-3.59
1621,1lz1,A,59,I,T,-2.22
1622,1lz1,A,59,I,V,-1.1
1623,1lz1,A,59,I,Y,-3.78
1624,1lz1,A,89,I,A,-2.7
1625,1lz1,A,89,I,V,-0.48
1626,1lz1,A,1,K,A,-0.6
1627,1lz1,A,1,K,M,-0.12
1628,1lz1,A,8,L,T,-3.73
1629,1lz1,A,118,N,A,0.19
1630,1lz1,A,118,N,G,0.05
1631,1lz1,A,58,Q,A,0.91
1632,1lz1,A,58,Q,G,1.91
1633,1lz1,A,21,R,A,1.32
1634,1lz1,A,21,R,G,1.15
1635,1lz1,A,50,R,A,0.43
1636,1lz1,A,50,R,G,0.32
1637,1lz1,A,100,V,A,-0.26
1638,1lz1,A,100,V,F,-1.65
1639,1lz1,A,100,V,T,-0.29
1640,1lz1,A,110,V,A,0.53
1641,1lz1,A,110,V,D,0.17
1642,1lz1,A,110,V,F,-0.05
1643,1lz1,A,110,V,G,0.48
1644,1lz1,A,110,V,I,0.86
1645,1lz1,A,110,V,L,0.07
1646,1lz1,A,110,V,M,0.53
1647,1lz1,A,110,V,N,0.07
1648,1lz1,A,110,V,R,0.89
1649,1lz1,A,110,V,Y,-0.14
1650,1lz1,A,121,V,A,-1.44
1651,1lz1,A,125,V,A,-1.32
1652,1lz1,A,130,V,A,-0.84
1653,1lz1,A,2,V,A,-1.51
1654,1lz1,A,2,V,D,-1.44
1655,1lz1,A,2,V,F,-0.86
1656,1lz1,A,2,V,G,-2.3
1657,1lz1,A,2,V,I,1.1
1658,1lz1,A,2,V,L,-0.05
1659,1lz1,A,2,V,M,-0.31
1660,1lz1,A,2,V,N,-1.34
1661,1lz1,A,2,V,R,-0.38
1662,1lz1,A,2,V,S,-1.41
1663,1lz1,A,2,V,Y,-0.36
1664,1lz1,A,74,V,A,-0.36
1665,1lz1,A,74,V,D,-0.43
1666,1lz1,A,74,V,F,-0.29
1667,1lz1,A,74,V,G,-0.22
1668,1lz1,A,74,V,I,0.45
1669,1lz1,A,74,V,L,0.19
1670,1lz1,A,74,V,M,0.65
1671,1lz1,A,74,V,N,-0.33
1672,1lz1,A,74,V,R,-0.07
1673,1lz1,A,74,V,S,-0.38
1674,1lz1,A,74,V,Y,-0.24
1675,1lz1,A,93,V,A,-0.74
1676,1lz1,A,93,V,T,-0.67
1677,1lz1,A,99,V,A,-0.98
1678,1lz1,A,99,V,T,-0.5
1679,1lz1,A,124,Y,F,-0.36
1680,1lz1,A,20,Y,F,-0.5
1681,1lz1,A,38,Y,A,-2.49
1682,1lz1,A,38,Y,F,-0.19
1683,1lz1,A,38,Y,G,-2.32
1684,1lz1,A,45,Y,F,0.07
1685,1lz1,A,54,Y,F,-0.96
1686,1lz1,A,63,Y,F,-0.24
1687,1mbg,A,103,V,A,-1.87
1688,1mbg,A,103,V,I,0.72
1689,1mbg,A,103,V,L,2.49
1690,1mgr,A,11,Y,F,-0.6
1691,1mgr,A,33,Y,F,0.5
1692,1mgr,A,54,Y,F,-2.6
1693,1mgr,A,55,Y,F,-2.1
1694,1mgr,A,58,Y,F,-0.7
1695,1mgr,A,83,Y,F,-1.5
1696,1mgr,A,84,Y,F,-1.0
1697,1mgr,A,89,Y,F,0.0
1698,1mjc,A,18,F,L,-1.0
1699,1mjc,A,18,F,S,-1.54
1700,1mjc,A,20,F,L,-0.31
1701,1mjc,A,20,F,S,-1.16
1702,1mjc,A,31,F,L,-0.66
1703,1mjc,A,31,F,S,-1.03
1704,1mjc,A,52,S,W,-0.2
1705,1mjc,A,68,T,W,0.7
1706,1mjc,A,42,Y,W,0.15
1707,1msi,A,36,D,A,0.3
1708,1msi,A,58,D,N,-0.2
1709,1msi,A,25,E,A,-0.09
1710,1msi,A,23,R,A,-0.89
1711,1msi,A,39,R,A,-0.8
1712,1msi,A,47,R,A,-0.74
1713,1n0j,A,58,I,T,-2.7
1714,1n0j,A,143,Q,N,0.06
1715,1n0j,A,34,Y,F,3.1
1716,1oh0,A,101,V,L,-1.72
1717,1oh0,A,16,Y,F,-1.79
1718,1oh0,A,32,Y,F,0.2
1719,1oh0,A,57,Y,F,-1.22
1720,1oh0,A,57,Y,S,-4.53
1721,1oia,A,13,Y,F,-0.7
1722,1oia,A,13,Y,T,-1.3
1723,1oia,A,31,Y,F,0.0
1724,1oia,A,31,Y,S,-2.3
1725,1oia,A,78,Y,F,0.0
1726,1oia,A,86,Y,F,-2.6
1727,1oia,A,86,Y,T,-2.9
1728,1onc,A,28,F,A,-5.0
1729,1onc,A,36,F,Y,-4.67
1730,1onc,A,23,M,L,2.32
1731,1otr,B,34,E,D,-1.0
1732,1otr,B,34,E,L,0.96
1733,1otr,B,34,E,S,-0.6
1734,1otr,B,30,I,F,-3.32
1735,1otr,B,30,I,L,-1.96
1736,1otr,B,30,I,V,-1.58
1737,1otr,B,36,I,F,-0.86
1738,1otr,B,36,I,L,-1.32
1739,1otr,B,36,I,V,-0.79
1740,1otr,B,11,K,A,-0.14
1741,1p2p,A,48,H,K,-2.12
1742,1p2p,A,48,H,N,-1.69
1743,1p2p,A,48,H,Q,-0.64
1744,1pdo,A,12,W,F,1.79
1745,1pdo,A,33,W,F,-1.08
1746,1pdo,A,69,W,F,-2.15
1747,1pga,A,23,A,P,-0.3
1748,1pga,A,24,A,P,-0.5
1749,1pga,A,48,A,P,-0.7
1750,1pga,A,22,D,G,-1.52
1751,1pga,A,36,D,P,-3.1
1752,1pga,A,46,D,A,-1.36
1753,1pga,A,47,D,A,0.36
1754,1pga,A,9,G,P,-2.4
1755,1pga,A,6,I,L,-1.39
1756,1pga,A,6,I,N,-1.73
1757,1pga,A,6,I,T,-1.79
1758,1pga,A,10,K,P,-0.2
1759,1pga,A,50,K,A,-0.45
1760,1pga,A,25,T,P,-2.8
1761,1pga,A,2,T,P,-2.7
1762,1pga,A,49,T,A,-0.86
1763,1pga,A,53,T,A,1.36
1764,1pga,A,53,T,C,0.78
1765,1pga,A,53,T,D,-0.85
1766,1pga,A,53,T,E,0.23
1767,1pga,A,53,T,F,-0.28
1768,1pga,A,53,T,G,-1.21
1769,1pga,A,53,T,H,0.37
1770,1pga,A,53,T,I,-0.09
1771,1pga,A,53,T,K,0.35
1772,1pga,A,53,T,L,0.45
1773,1pga,A,53,T,M,0.9
1774,1pga,A,53,T,N,0.52
1775,1pga,A,53,T,Q,0.38
1776,1pga,A,53,T,R,0.4
1777,1pga,A,53,T,S,0.87
1778,1pga,A,53,T,V,-0.42
1779,1pga,A,53,T,W,1.04
1780,1pga,A,53,T,Y,0.27
1781,1pga,A,21,V,P,0.5
1782,1pga,A,29,V,P,-3.5
1783,1pga,A,54,V,A,-0.1
1784,1pin,A,31,A,G,-1.49
1785,1pin,A,12,E,A,-0.48
1786,1pin,A,35,E,A,-0.73
1787,1pin,A,25,F,A,-2.14
1788,1pin,A,25,F,L,-1.37
1789,1pin,A,25,F,Y,0.22
1790,1pin,A,10,G,A,-0.85
1791,1pin,A,20,G,A,-0.86
1792,1pin,A,27,H,A,-0.12
1793,1pin,A,27,H,G,-0.68
1794,1pin,A,28,I,A,-0.36
1795,1pin,A,28,I,G,-0.48
1796,1pin,A,13,K,A,-0.02
1797,1pin,A,6,K,A,0.15
1798,1pin,A,7,L,A,-1.72
1799,1pin,A,7,L,I,-0.85
1800,1pin,A,7,L,N,-0.9
1801,1pin,A,7,L,V,-1.26
1802,1pin,A,15,M,A,-0.59
1803,1pin,A,26,N,D,-1.88
1804,1pin,A,30,N,A,-0.47
1805,1pin,A,30,N,G,0.53
1806,1pin,A,8,P,A,-0.97
1807,1pin,A,8,P,G,-0.92
1808,1pin,A,9,P,A,-0.19
1809,1pin,A,9,P,G,-0.49
1810,1pin,A,33,Q,A,-0.57
1811,1pin,A,14,R,A,-1.63
1812,1pin,A,17,R,A,0.0
1813,1pin,A,17,R,G,-0.22
1814,1pin,A,21,R,A,-0.65
1815,1pin,A,21,R,G,-0.67
1816,1pin,A,36,R,A,-0.29
1817,1pin,A,16,S,A,-0.44
1818,1pin,A,16,S,G,-0.92
1819,1pin,A,18,S,A,0.03
1820,1pin,A,18,S,G,0.02
1821,1pin,A,19,S,A,-0.14
1822,1pin,A,19,S,G,0.01
1823,1pin,A,32,S,A,-0.26
1824,1pin,A,32,S,G,-0.81
1825,1pin,A,38,S,A,0.05
1826,1pin,A,38,S,G,-0.08
1827,1pin,A,29,T,A,-1.25
1828,1pin,A,29,T,D,-1.33
1829,1pin,A,29,T,G,-1.99
1830,1pin,A,29,T,S,-0.65
1831,1pin,A,22,V,A,-0.26
1832,1pin,A,11,W,F,-1.93
1833,1pin,A,34,W,A,-0.4
1834,1pin,A,34,W,F,-0.1
1835,1pin,A,23,Y,A,-1.08
1836,1pin,A,23,Y,F,-0.52
1837,1pin,A,23,Y,L,-1.18
1838,1pin,A,24,Y,F,-0.66
1839,1pin,A,24,Y,W,-0.56
1840,1poh,A,49,K,A,1.39
1841,1poh,A,49,K,D,1.41
1842,1poh,A,49,K,E,1.85
1843,1poh,A,49,K,G,1.05
1844,1poh,A,49,K,M,0.94
1845,1poh,A,49,K,N,0.35
1846,1poh,A,49,K,Q,1.39
1847,1poh,A,49,K,R,-0.15
1848,1poh,A,49,K,S,0.95
1849,1poh,A,31,S,A,-0.4
1850,1poh,A,46,S,A,-1.01
1851,1poh,A,46,S,D,1.05
1852,1poh,A,46,S,N,0.39
1853,1qgv,A,126,G,D,-0.93
1854,1qlp,A,183,A,F,1.5
1855,1qlp,A,183,A,I,1.8
1856,1qlp,A,183,A,L,1.4
1857,1qlp,A,183,A,V,3.8
1858,1qlp,A,248,A,F,1.8
1859,1qlp,A,248,A,I,2.2
1860,1qlp,A,248,A,L,0.35
1861,1qlp,A,248,A,V,2.3
1862,1qlp,A,250,A,I,-0.4
1863,1qlp,A,250,A,L,-1.0
1864,1qlp,A,250,A,V,-0.4
1865,1qlp,A,284,A,I,0.0
1866,1qlp,A,284,A,V,0.8
1867,1qlp,A,31,A,I,0.9
1868,1qlp,A,31,A,L,0.9
1869,1qlp,A,31,A,V,0.6
1870,1qlp,A,70,A,G,1.6
1871,1qlp,A,51,F,C,3.01
1872,1qlp,A,51,F,L,2.1
1873,1qlp,A,331,K,F,1.75
1874,1qlp,A,331,K,I,0.84
1875,1qlp,A,331,K,T,-0.54
1876,1qlp,A,331,K,V,0.89
1877,1qlp,A,387,K,R,1.0
1878,1qlp,A,374,M,I,2.3
1879,1qlp,A,330,S,R,-2.44
1880,1qlp,A,381,S,A,1.0
1881,1qlp,A,59,T,A,1.0
1882,1qlp,A,68,T,A,1.0
1883,1qlp,A,145,V,I,0.2
1884,1qlp,A,145,V,L,-0.7
1885,1qlp,A,173,V,I,0.5
1886,1qlp,A,173,V,L,-0.6
1887,1qlp,A,321,V,I,0.6
1888,1qlp,A,321,V,L,-1.2
1889,1qlp,A,364,V,I,0.4
1890,1qlp,A,364,V,L,-0.3
1891,1qlp,A,55,V,I,-0.2
1892,1qlp,A,55,V,L,-0.3
1893,1qlp,A,194,W,F,-0.47
1894,1qlp,A,238,W,F,0.98
1895,1qlp,A,160,Y,A,-0.21
1896,1qlp,A,160,Y,W,1.18
1897,1qm4,A,265,R,H,-3.11
1898,1qnd,A,71,C,S,-1.38
1899,1rg8,A,103,A,G,-0.46
1900,1rg8,A,117,C,S,-0.64
1901,1rg8,A,16,C,S,-2.81
1902,1rg8,A,83,C,S,-1.78
1903,1rg8,A,108,F,Y,0.49
1904,1rg8,A,62,G,A,-1.48
1905,1rg8,A,62,G,N,-0.97
1906,1rg8,A,102,H,Y,0.39
1907,1rg8,A,21,H,Y,0.79
1908,1rg8,A,93,H,A,-0.6
1909,1rg8,A,93,H,G,1.34
1910,1rg8,A,93,H,N,0.19
1911,1rg8,A,44,L,F,0.59
1912,1rg8,A,73,L,V,-1.46
1913,1rg8,A,106,N,G,0.16
1914,1rg8,A,109,V,I,-0.05
1915,1rg8,A,109,V,L,-0.57
1916,1rgg,A,17,D,K,-1.1
1917,1rgg,A,25,D,H,0.9
1918,1rgg,A,25,D,K,0.9
1919,1rgg,A,33,D,A,-6.2
1920,1rgg,A,79,D,A,2.9
1921,1rgg,A,79,D,E,-0.3
1922,1rgg,A,79,D,F,3.0
1923,1rgg,A,79,D,H,1.8
1924,1rgg,A,79,D,I,2.7
1925,1rgg,A,79,D,K,2.3
1926,1rgg,A,79,D,L,2.7
1927,1rgg,A,79,D,N,1.8
1928,1rgg,A,79,D,R,2.7
1929,1rgg,A,79,D,W,2.3
1930,1rgg,A,79,D,Y,2.8
1931,1rgg,A,41,E,K,-0.7
1932,1rgg,A,54,E,Q,-1.7
1933,1rgg,A,74,E,K,0.9
1934,1rgg,A,85,H,Q,0.0
1935,1rgg,A,39,N,A,-2.2
1936,1rgg,A,39,N,D,-1.5
1937,1rgg,A,39,N,S,-2.3
1938,1rgg,A,38,Q,A,1.0
1939,1rgg,A,94,Q,K,0.3
1940,1rgg,A,65,R,A,-1.0
1941,1rgg,A,16,T,V,0.3
1942,1rgg,A,18,T,V,-1.4
1943,1rgg,A,56,T,V,-1.9
1944,1rgg,A,59,T,V,-1.7
1945,1rgg,A,5,T,V,0.0
1946,1rgg,A,67,T,V,0.0
1947,1rgg,A,72,T,V,-0.2
1948,1rgg,A,82,T,V,-1.7
1949,1rgg,A,2,V,T,-0.9
1950,1rgg,A,36,V,T,-1.3
1951,1rgg,A,43,V,T,-0.5
1952,1rgg,A,57,V,T,-4.4
1953,1rgg,A,30,Y,F,0.4
1954,1rgg,A,49,Y,F,-0.2
1955,1rgg,A,51,Y,F,-2.3
1956,1rgg,A,52,Y,F,-3.6
1957,1rgg,A,55,Y,F,-0.6
1958,1rgg,A,80,Y,F,-1.5
1959,1rgg,A,81,Y,F,-1.2
1960,1rgg,A,86,Y,F,-0.3
1961,1rhg,A,33,E,A,0.31
1962,1rhg,A,46,E,A,-0.32
1963,1rhg,A,149,G,A,1.38
1964,1rhg,A,150,G,A,1.94
1965,1rhg,A,26,G,A,1.93
1966,1rhg,A,28,G,A,2.35
1967,1rhg,A,73,G,A,0.89
1968,1rhg,A,81,G,A,-0.76
1969,1rhg,A,87,G,A,-0.97
1970,1rhg,A,50,L,E,-0.19
1971,1ris,A,35,A,G,-0.77
1972,1ris,A,22,E,Q,-1.12
1973,1ris,A,60,F,A,-0.81
1974,1ris,A,26,I,A,-2.84
1975,1ris,A,52,I,A,-0.36
1976,1ris,A,8,I,A,-3.56
1977,1ris,A,21,L,A,-0.16
1978,1ris,A,48,L,A,-0.21
1979,1ris,A,75,L,A,-1.35
1980,1ris,A,79,L,A,-3.91
1981,1ris,A,37,V,A,-2.55
1982,1ris,A,65,V,A,-2.89
1983,1ris,A,6,V,A,-2.93
1984,1ris,A,85,V,A,-3.02
1985,1ris,A,88,V,A,-1.68
1986,1ris,A,33,Y,A,0.41
1987,1rn1,B,21,A,D,-0.71
1988,1rn1,B,21,A,E,-0.69
1989,1rn1,B,21,A,G,-1.1
1990,1rn1,B,21,A,H,-0.17
1991,1rn1,B,21,A,Q,-0.4
1992,1rn1,B,21,A,S,-0.4
1993,1rn1,B,49,D,A,0.5
1994,1rn1,B,49,D,F,0.1
1995,1rn1,B,49,D,H,1.1
1996,1rn1,B,49,D,Y,0.0
1997,1rn1,B,76,D,A,-3.75
1998,1rn1,B,76,D,N,-3.1
1999,1rn1,B,76,D,S,-3.2
2000,1rn1,B,58,E,A,-0.78
2001,1rn1,B,23,G,A,-1.2
2002,1rn1,B,40,H,T,-0.26
2003,1rn1,B,92,H,A,-0.62
2004,1rn1,B,36,N,A,0.0
2005,1rn1,B,44,N,A,-1.6
2006,1rn1,B,44,N,D,-1.6
2007,1rn1,B,44,N,S,-1.5
2008,1rn1,B,81,N,A,-2.91
2009,1rn1,B,9,N,A,-0.71
2010,1rn1,B,25,Q,K,0.94
2011,1rn1,B,12,S,A,-1.08
2012,1rn1,B,17,S,A,0.57
2013,1rn1,B,64,S,A,-1.56
2014,1rn1,B,16,V,A,-2.19
2015,1rn1,B,16,V,C,-4.68
2016,1rn1,B,16,V,S,-4.71
2017,1rn1,B,16,V,T,-4.1
2018,1rn1,B,78,V,A,-4.08
2019,1rn1,B,78,V,C,-3.67
2020,1rn1,B,78,V,S,-4.73
2021,1rn1,B,78,V,T,-3.1
2022,1rn1,B,89,V,C,-3.54
2023,1rn1,B,89,V,S,-4.87
2024,1rn1,B,89,V,T,-3.07
2025,1rn1,B,59,W,Y,-0.93
2026,1rn1,B,11,Y,F,-2.03
2027,1rn1,B,24,Y,W,1.24
2028,1rn1,B,42,Y,F,1.15
2029,1rn1,B,42,Y,W,-0.14
2030,1rn1,B,45,Y,W,0.74
2031,1rn1,B,56,Y,F,-0.71
2032,1rn1,B,57,Y,F,-0.44
2033,1rn1,B,68,Y,F,-1.35
2034,1rop,A,30,D,A,0.3
2035,1rop,A,30,D,C,0.8
2036,1rop,A,30,D,E,1.0
2037,1rop,A,30,D,F,-0.1
2038,1rop,A,30,D,G,2.0
2039,1rop,A,30,D,H,0.9
2040,1rop,A,30,D,I,-0.8
2041,1rop,A,30,D,K,0.9
2042,1rop,A,30,D,L,-0.1
2043,1rop,A,30,D,M,0.6
2044,1rop,A,30,D,N,0.8
2045,1rop,A,30,D,P,-1.6
2046,1rop,A,30,D,Q,1.8
2047,1rop,A,30,D,R,0.8
2048,1rop,A,30,D,S,1.0
2049,1rop,A,30,D,T,-0.4
2050,1rop,A,30,D,V,-0.4
2051,1rop,A,30,D,W,-0.4
2052,1rop,A,30,D,Y,0.2
2053,1rop,A,41,L,A,-6.12
2054,1rop,A,41,L,V,-2.53
2055,1rro,A,21,P,A,-0.74
2056,1rro,A,26,P,A,-0.74
2057,1rtb,A,109,A,G,-0.43
2058,1rtb,A,4,A,S,-0.51
2059,1rtb,A,5,A,S,-0.37
2060,1rtb,A,64,A,G,-0.43
2061,1rtb,A,121,D,A,-1.5
2062,1rtb,A,121,D,N,-1.1
2063,1rtb,A,46,F,A,-6.36
2064,1rtb,A,46,F,L,-3.2
2065,1rtb,A,46,F,V,-4.55
2066,1rtb,A,119,H,A,-0.9
2067,1rtb,A,106,I,A,-4.37
2068,1rtb,A,106,I,L,-1.79
2069,1rtb,A,106,I,V,-0.8
2070,1rtb,A,107,I,A,-2.84
2071,1rtb,A,107,I,L,-2.19
2072,1rtb,A,107,I,V,-0.08
2073,1rtb,A,81,I,A,-2.99
2074,1rtb,A,81,I,G,-4.8
2075,1rtb,A,81,I,V,-0.43
2076,1rtb,A,114,P,A,-3.2
2077,1rtb,A,114,P,G,-3.3
2078,1rtb,A,93,P,A,-2.7
2079,1rtb,A,93,P,G,-2.2
2080,1rtb,A,93,P,S,-2.1
2081,1rtb,A,123,S,A,0.46
2082,1rtb,A,75,S,A,-2.5
2083,1rtb,A,75,S,T,-2.8
2084,1rtb,A,108,V,A,-4.2
2085,1rtb,A,108,V,G,-7.28
2086,1rtb,A,108,V,I,-0.43
2087,1rtb,A,108,V,L,-0.7
2088,1rtb,A,116,V,A,-0.66
2089,1rtb,A,116,V,G,-1.18
2090,1rtb,A,118,V,A,-1.92
2091,1rtb,A,118,V,G,-2.77
2092,1rtb,A,47,V,A,-3.8
2093,1rtb,A,47,V,G,-7.34
2094,1rtb,A,54,V,A,-2.58
2095,1rtb,A,54,V,G,-4.87
2096,1rtb,A,54,V,I,-1.95
2097,1rtb,A,54,V,L,-1.09
2098,1rtb,A,57,V,A,-2.85
2099,1rtb,A,57,V,G,-5.52
2100,1rtb,A,57,V,I,-1.3
2101,1rtb,A,57,V,L,-2.37
2102,1rtb,A,63,V,A,-2.02
2103,1rtb,A,63,V,G,-3.5
2104,1rtb,A,97,Y,A,-12.0
2105,1rtb,A,97,Y,F,-3.54
2106,1rtb,A,97,Y,G,-11.7
2107,1rtp,1,21,A,P,-0.5
2108,1rtp,1,26,H,P,1.25
2109,1rtp,1,80,K,S,-0.29
2110,1rx4,A,139,E,K,-2.36
2111,1rx4,A,139,E,Q,-1.36
2112,1rx4,A,28,L,R,0.5
2113,1rx4,A,75,V,A,-0.2
2114,1rx4,A,75,V,C,-0.2
2115,1rx4,A,75,V,H,-1.9
2116,1rx4,A,75,V,I,-2.0
2117,1rx4,A,75,V,R,-2.8
2118,1rx4,A,75,V,S,-1.9
2119,1rx4,A,75,V,Y,-2.3
2120,1rx4,A,88,V,A,0.2
2121,1rx4,A,88,V,I,-1.73
2122,1sak,A,347,A,G,-0.97
2123,1sak,A,352,D,A,-0.62
2124,1sak,A,326,E,A,-0.4
2125,1sak,A,336,E,A,0.4
2126,1sak,A,339,E,A,-0.66
2127,1sak,A,343,E,A,-0.25
2128,1sak,A,346,E,A,-0.27
2129,1sak,A,349,E,A,-1.18
2130,1sak,A,328,F,A,-2.36
2131,1sak,A,328,F,L,-1.43
2132,1sak,A,338,F,A,-2.03
2133,1sak,A,341,F,I,-2.01
2134,1sak,A,341,F,L,-0.91
2135,1sak,A,332,I,V,-0.99
2136,1sak,A,351,K,A,0.57
2137,1sak,A,330,L,F,-1.8
2138,1sak,A,344,L,F,-1.62
2139,1sak,A,344,L,I,-0.41
2140,1sak,A,350,L,A,-0.5
2141,1sak,A,340,M,A,-1.9
2142,1sak,A,340,M,I,-0.38
2143,1sak,A,345,N,A,-0.98
2144,1sak,A,331,Q,A,-0.46
2145,1sak,A,333,R,A,-1.05
2146,1sak,A,335,R,A,-0.75
2147,1sak,A,337,R,A,-2.41
2148,1sak,A,342,R,A,-0.38
2149,1sak,A,329,T,A,-1.02
2150,1shf,A,107,E,A,-1.27
2151,1shf,A,107,E,D,0.68
2152,1shf,A,107,E,F,-1.63
2153,1shf,A,107,E,G,-2.29
2154,1shf,A,107,E,H,-0.99
2155,1shf,A,107,E,I,-2.71
2156,1shf,A,107,E,K,-0.97
2157,1shf,A,107,E,L,-3.02
2158,1shf,A,107,E,Q,-0.74
2159,1shf,A,107,E,R,-3.38
2160,1shf,A,107,E,S,-1.64
2161,1shf,A,107,E,T,-0.6
2162,1shf,A,107,E,V,-2.0
2163,1shf,A,107,E,Y,-2.4
2164,1shf,A,128,G,A,-1.78
2165,1shf,A,111,I,A,-2.84
2166,1shf,A,111,I,L,-0.71
2167,1shf,A,111,I,V,-0.63
2168,1shf,A,124,S,A,-0.71
2169,1shf,A,124,S,D,-2.02
2170,1shf,A,124,S,F,-1.9
2171,1shf,A,124,S,G,-1.68
2172,1shf,A,124,S,H,-1.25
2173,1shf,A,124,S,I,-1.41
2174,1shf,A,124,S,K,0.11
2175,1shf,A,124,S,L,-0.37
2176,1shf,A,124,S,N,-0.73
2177,1shf,A,124,S,R,-0.18
2178,1shf,A,124,S,T,-1.65
2179,1shf,A,124,S,V,-1.1
2180,1shf,A,124,S,Y,-2.27
2181,1shf,A,127,T,A,-2.59
2182,1shf,A,138,V,A,-2.34
2183,1shf,A,138,V,G,-3.65
2184,1shf,A,138,V,M,-0.52
2185,1shf,A,138,V,T,-2.4
2186,1shg,A,48,D,G,0.82
2187,1shg,A,52,F,Y,-0.44
2188,1shg,A,18,K,F,2.33
2189,1shg,A,59,K,F,-0.92
2190,1shg,A,59,K,Y,0.84
2191,1sso,A,29,I,V,-0.4
2192,1stn,A,60,A,G,-1.5
2193,1stn,A,60,A,V,-2.9
2194,1stn,A,90,A,S,-2.37
2195,1stn,A,77,D,A,-3.2
2196,1stn,A,77,D,G,-2.2
2197,1stn,A,83,D,A,-3.9
2198,1stn,A,83,D,G,-2.8
2199,1stn,A,95,D,A,-3.6
2200,1stn,A,95,D,G,-3.1
2201,1stn,A,73,E,A,-1.6
2202,1stn,A,61,F,A,-2.4
2203,1stn,A,61,F,G,-4.7
2204,1stn,A,76,F,A,-4.1
2205,1stn,A,76,F,G,-4.7
2206,1stn,A,79,G,S,-1.3
2207,1stn,A,88,G,V,0.5
2208,1stn,A,124,H,L,-4.07
2209,1stn,A,46,H,Y,-3.35
2210,1stn,A,18,I,G,-2.6
2211,1stn,A,18,I,M,-3.11
2212,1stn,A,103,L,A,-4.6
2213,1stn,A,25,L,A,-2.6
2214,1stn,A,36,L,A,-3.6
2215,1stn,A,36,L,G,-5.4
2216,1stn,A,37,L,A,-1.8
2217,1stn,A,37,L,G,-3.9
2218,1stn,A,89,L,F,-1.67
2219,1stn,A,118,N,D,-2.5
2220,1stn,A,141,S,A,-0.12
2221,1stn,A,33,T,S,-1.4
2222,1stn,A,62,T,A,-2.4
2223,1stn,A,62,T,G,-3.4
2224,1stn,A,23,V,F,-1.43
2225,1stn,A,66,V,L,0.8
2226,1stn,A,140,W,F,-0.6
2227,1stn,A,140,W,H,-0.4
2228,1stn,A,140,W,L,-4.5
2229,1stn,A,140,W,Y,-1.1
2230,1stn,A,91,Y,S,-5.3
2231,1sup,A,169,G,A,0.3
2232,1sup,A,50,M,F,0.48
2233,1sup,A,218,N,S,1.07
2234,1sup,A,76,N,D,0.45
2235,1sup,A,206,Q,C,1.25
2236,1sup,A,217,Y,K,0.72
2237,1ten,A,819,A,G,-2.67
2238,1ten,A,885,A,G,-0.92
2239,1ten,A,887,E,A,1.55
2240,1ten,A,887,E,G,-0.14
2241,1ten,A,809,I,A,-2.74
2242,1ten,A,809,I,V,0.02
2243,1ten,A,821,I,A,-3.58
2244,1ten,A,821,I,V,-0.28
2245,1ten,A,830,I,A,-1.63
2246,1ten,A,830,I,V,-0.37
2247,1ten,A,833,I,A,-3.3
2248,1ten,A,833,I,V,-0.8
2249,1ten,A,849,I,A,-2.4
2250,1ten,A,860,I,A,-1.91
2251,1ten,A,860,I,V,-0.88
2252,1ten,A,835,L,A,-4.13
2253,1ten,A,851,L,A,-2.88
2254,1ten,A,863,L,A,-3.96
2255,1ten,A,873,L,A,-2.81
2256,1ten,A,875,S,A,-0.27
2257,1ten,A,882,S,A,-2.58
2258,1ten,A,867,T,S,-1.26
2259,1ten,A,811,V,A,-1.4
2260,1ten,A,871,V,A,-2.69
2261,1ten,A,837,Y,A,-3.96
2262,1ten,A,858,Y,A,-1.21
2263,1ten,A,858,Y,G,-4.06
2264,1ten,A,869,Y,F,-3.09
2265,1tit,A,63,C,S,-2.08
2266,1tit,A,73,F,L,-3.83
2267,1tit,A,23,I,A,-2.7
2268,1tit,A,41,L,A,-2.7
2269,1tit,A,58,L,A,-3.23
2270,1tit,A,60,L,A,-4.88
2271,1tit,A,13,V,A,-2.15
2272,1tit,A,86,V,A,-4.45
2273,1tpk,A,65,V,A,-2.0
2274,1tpk,A,65,V,I,0.3
2275,1tpk,A,65,V,L,-1.9
2276,1tpk,A,65,V,M,-2.2
2277,1tpk,A,65,V,S,-2.4
2278,1tpk,A,65,V,T,-1.0
2279,1ttq,A,18,A,G,-2.7
2280,1ttq,A,18,A,V,-2.3
2281,1ttq,A,22,F,I,-4.58
2282,1ttq,A,22,F,L,-1.05
2283,1ttq,A,22,F,V,-3.44
2284,1ttq,A,232,I,V,-3.3
2285,1ttq,A,209,L,V,-3.2
2286,1ttq,A,175,Y,Q,-1.65
2287,1tup,A,242,C,S,-2.94
2288,1tup,A,175,R,H,-3.01
2289,1tup,A,248,R,Q,-1.94
2290,1tup,A,249,R,S,-1.95
2291,1tup,A,273,R,H,-0.35
2292,1tyv,A,309,E,V,-0.77
2293,1tyv,A,177,G,R,-0.7
2294,1tyv,A,244,G,R,-1.33
2295,1tyv,A,323,G,D,-0.13
2296,1tyv,A,285,R,K,-3.43
2297,1tyv,A,235,T,I,-0.53
2298,1ubq,A,18,E,D,-0.08
2299,1ubq,A,45,F,W,0.46
2300,1ubq,A,68,H,E,0.77
2301,1ubq,A,68,H,Q,0.55
2302,1ubq,A,27,K,Q,-1.91
2303,1ubq,A,29,K,N,-1.48
2304,1ubq,A,29,K,Q,-1.67
2305,1ubq,A,6,K,E,0.53
2306,1ubq,A,6,K,Q,0.26
2307,1ubq,A,42,R,E,1.63
2308,1ubq,A,72,R,Q,-0.33
2309,1uzc,A,17,A,G,-0.7
2310,1uzc,A,20,A,G,-2.3
2311,1uzc,A,39,A,G,-1.93
2312,1uzc,A,51,A,G,-1.12
2313,1uzc,A,53,A,G,-0.3
2314,1uzc,A,61,A,G,-2.07
2315,1uzc,A,64,A,G,-0.94
2316,1uzc,A,46,D,N,-2.51
2317,1uzc,A,15,E,A,-0.4
2318,1uzc,A,15,E,G,-1.02
2319,1uzc,A,27,E,A,-0.62
2320,1uzc,A,27,E,G,-1.57
2321,1uzc,A,43,I,V,-1.21
2322,1uzc,A,44,I,A,-0.09
2323,1uzc,A,44,I,G,-0.4
2324,1uzc,A,44,I,V,-0.3
2325,1uzc,A,26,K,A,0.11
2326,1uzc,A,26,K,G,-0.74
2327,1uzc,A,58,K,A,-2.1
2328,1uzc,A,24,L,A,-1.04
2329,1uzc,A,52,L,A,-2.71
2330,1uzc,A,42,M,A,-1.37
2331,1uzc,A,33,N,G,-0.42
2332,1uzc,A,19,Q,A,-0.08
2333,1uzc,A,19,Q,G,-1.23
2334,1uzc,A,38,Q,A,-0.37
2335,1uzc,A,38,Q,G,-1.57
2336,1uzc,A,60,Q,A,0.31
2337,1uzc,A,60,Q,G,-0.8
2338,1uzc,A,32,S,A,0.0
2339,1uzc,A,35,S,A,-1.04
2340,1uzc,A,50,S,A,-0.02
2341,1uzc,A,50,S,G,-0.02
2342,1uzc,A,56,S,A,-0.4
2343,1uzc,A,56,S,G,-0.54
2344,1uzc,A,13,T,A,-0.99
2345,1uzc,A,13,T,S,0.1
2346,1uzc,A,30,V,A,-3.28
2347,1uzc,A,67,V,A,0.51
2348,1uzc,A,67,V,G,0.0
2349,1uzc,A,11,W,F,-0.31
2350,1uzc,A,36,W,F,0.3
2351,1uzc,A,49,Y,A,-2.46
2352,1uzc,A,49,Y,F,-0.31
2353,1uzc,A,65,Y,F,-0.72
2354,1vqb,A,86,A,T,-0.66
2355,1vqb,A,86,A,V,0.47
2356,1vqb,A,33,C,A,-0.5
2357,1vqb,A,33,C,I,-0.9
2358,1vqb,A,33,C,L,-2.6
2359,1vqb,A,33,C,M,-3.49
2360,1vqb,A,33,C,S,-4.3
2361,1vqb,A,33,C,T,-4.6
2362,1vqb,A,33,C,V,-0.18
2363,1vqb,A,36,D,C,-2.1
2364,1vqb,A,36,D,N,-1.0
2365,1vqb,A,50,D,H,-1.6
2366,1vqb,A,30,E,F,2.0
2367,1vqb,A,30,E,M,0.6
2368,1vqb,A,30,E,N,-1.1
2369,1vqb,A,40,E,C,-1.6
2370,1vqb,A,40,E,T,-0.4
2371,1vqb,A,13,F,T,-0.67
2372,1vqb,A,68,F,L,-4.3
2373,1vqb,A,68,F,V,-5.0
2374,1vqb,A,73,F,W,0.8
2375,1vqb,A,64,H,C,0.5
2376,1vqb,A,47,I,A,-7.1
2377,1vqb,A,47,I,C,-5.3
2378,1vqb,A,47,I,F,-2.0
2379,1vqb,A,47,I,L,-0.7
2380,1vqb,A,47,I,M,-2.2
2381,1vqb,A,47,I,T,-7.6
2382,1vqb,A,47,I,V,-2.6
2383,1vqb,A,6,I,V,-0.68
2384,1vqb,A,78,I,C,-4.4
2385,1vqb,A,78,I,T,-6.6
2386,1vqb,A,78,I,V,-1.3
2387,1vqb,A,24,K,V,0.8
2388,1vqb,A,69,K,H,-1.3
2389,1vqb,A,69,K,M,0.1
2390,1vqb,A,28,L,V,1.1
2391,1vqb,A,32,L,H,-0.9
2392,1vqb,A,32,L,R,-1.6
2393,1vqb,A,32,L,W,2.8
2394,1vqb,A,32,L,Y,1.04
2395,1vqb,A,37,L,A,-7.7
2396,1vqb,A,37,L,C,-4.6
2397,1vqb,A,37,L,I,-1.4
2398,1vqb,A,37,L,T,-5.2
2399,1vqb,A,37,L,V,-3.5
2400,1vqb,A,49,L,A,-6.1
2401,1vqb,A,49,L,C,-4.1
2402,1vqb,A,49,L,I,-1.9
2403,1vqb,A,49,L,T,-5.7
2404,1vqb,A,49,L,V,-2.9
2405,1vqb,A,65,L,P,-1.47
2406,1vqb,A,81,L,C,-3.7
2407,1vqb,A,81,L,T,-5.1
2408,1vqb,A,81,L,V,-0.2
2409,1vqb,A,77,M,A,-2.1
2410,1vqb,A,77,M,C,0.0
2411,1vqb,A,77,M,F,-0.2
2412,1vqb,A,77,M,I,1.6
2413,1vqb,A,77,M,L,-1.2
2414,1vqb,A,77,M,T,-0.8
2415,1vqb,A,77,M,V,1.2
2416,1vqb,A,82,R,C,-1.5
2417,1vqb,A,67,S,C,-3.7
2418,1vqb,A,67,S,T,-1.6
2419,1vqb,A,48,T,C,-0.8
2420,1vqb,A,48,T,V,0.0
2421,1vqb,A,62,T,C,-0.7
2422,1vqb,A,62,T,V,1.3
2423,1vqb,A,19,V,C,-0.3
2424,1vqb,A,19,V,T,-0.6
2425,1vqb,A,35,V,A,-2.3
2426,1vqb,A,35,V,C,-1.5
2427,1vqb,A,35,V,F,-3.2
2428,1vqb,A,35,V,I,-0.7
2429,1vqb,A,35,V,L,-2.7
2430,1vqb,A,35,V,M,-1.1
2431,1vqb,A,35,V,T,-5.3
2432,1vqb,A,43,V,C,-2.1
2433,1vqb,A,43,V,T,-1.6
2434,1vqb,A,45,V,A,-2.1
2435,1vqb,A,45,V,C,0.0
2436,1vqb,A,45,V,L,-3.0
2437,1vqb,A,45,V,T,-3.5
2438,1vqb,A,63,V,C,-4.1
2439,1vqb,A,63,V,T,-5.0
2440,1vqb,A,70,V,C,-3.3
2441,1vqb,A,70,V,P,-5.1
2442,1vqb,A,70,V,T,-3.5
2443,1vqb,A,26,Y,R,-0.4
2444,1vqb,A,41,Y,A,-0.4
2445,1vqb,A,41,Y,F,-0.6
2446,1w4h,A,130,A,G,-0.04
2447,1w4h,A,134,A,G,-0.37
2448,1w4h,A,140,A,G,-1.02
2449,1w4h,A,146,A,G,-0.58
2450,1w4h,A,148,A,G,-0.43
2451,1w4h,A,168,A,G,-0.07
2452,1w4h,A,162,D,N,-3.1
2453,1w4h,A,166,H,A,0.06
2454,1w4h,A,166,H,G,-1.58
2455,1w4h,A,135,I,A,-1.63
2456,1w4h,A,135,I,V,-0.03
2457,1w4h,A,149,I,V,-0.75
2458,1w4h,A,131,L,A,-0.94
2459,1w4h,A,138,L,A,-1.67
2460,1w4h,A,139,L,A,-3.5
2461,1w4h,A,144,L,A,-1.9
2462,1w4h,A,158,L,A,-2.12
2463,1w4h,A,133,P,A,0.38
2464,1w4h,A,132,S,G,-0.47
2465,1w4h,A,152,T,A,-1.36
2466,1w4h,A,152,T,S,-0.29
2467,1w4h,A,159,T,S,-1.63
2468,1w4h,A,154,V,G,-0.84
2469,1w4h,A,163,V,A,-2.02
2470,1wit,A,73,Y,F,-2.15
2471,1wq5,A,118,C,A,-1.36
2472,1wq5,A,118,C,S,-2.27
2473,1wq5,A,118,C,V,-1.34
2474,1wq5,A,154,C,A,-1.03
2475,1wq5,A,154,C,S,-1.72
2476,1wq5,A,154,C,V,-1.12
2477,1wq5,A,81,C,A,-0.69
2478,1wq5,A,81,C,G,-1.58
2479,1wq5,A,81,C,S,-1.41
2480,1wq5,A,81,C,V,-1.32
2481,1wq5,A,49,E,A,-0.08
2482,1wq5,A,49,E,C,0.01
2483,1wq5,A,49,E,D,-0.8
2484,1wq5,A,49,E,F,-0.86
2485,1wq5,A,49,E,G,0.08
2486,1wq5,A,49,E,H,0.33
2487,1wq5,A,49,E,I,0.46
2488,1wq5,A,49,E,K,0.2
2489,1wq5,A,49,E,L,0.44
2490,1wq5,A,49,E,M,3.13
2491,1wq5,A,49,E,N,-0.69
2492,1wq5,A,49,E,P,0.0
2493,1wq5,A,49,E,Q,-0.23
2494,1wq5,A,49,E,S,-0.59
2495,1wq5,A,49,E,T,-0.62
2496,1wq5,A,49,E,V,0.14
2497,1wq5,A,49,E,W,-0.97
2498,1wq5,A,49,E,Y,-0.17
2499,1wq5,A,139,F,W,-0.64
2500,1wq5,A,22,F,L,1.4
2501,1wq5,A,258,F,W,-1.17
2502,1wq5,A,211,G,D,-0.8
2503,1wq5,A,211,G,E,1.1
2504,1wq5,A,211,G,R,0.1
2505,1wq5,A,211,G,S,-0.15
2506,1wq5,A,211,G,V,1.05
2507,1wq5,A,211,G,W,-1.95
2508,1wq5,A,234,G,D,3.4
2509,1wq5,A,234,G,K,0.2
2510,1wq5,A,37,I,A,-4.42
2511,1wq5,A,127,L,A,-1.28
2512,1wq5,A,176,L,A,-4.01
2513,1wq5,A,50,L,A,-2.99
2514,1wq5,A,99,L,A,-4.07
2515,1wq5,A,132,P,A,-0.92
2516,1wq5,A,132,P,G,-0.78
2517,1wq5,A,207,P,A,-1.64
2518,1wq5,A,96,P,A,-2.0
2519,1wq5,A,175,Y,C,-0.6
2520,1ycc,A,102,C,A,2.9
2521,1ycc,A,102,C,S,2.8
2522,1ycc,A,102,C,T,0.8
2523,1ycc,A,82,F,Y,-0.7
2524,1ycc,A,73,K,I,-0.4
2525,1ycc,A,73,K,V,0.1
2526,1ycc,A,73,K,W,-1.6
2527,1ycc,A,85,L,A,-2.8
2528,1ycc,A,52,N,A,0.63
2529,1ycc,A,52,N,H,-1.27
2530,1ycc,A,52,N,I,3.14
2531,1ycc,A,52,N,L,2.56
2532,1ycc,A,52,N,M,2.25
2533,1ycc,A,52,N,Q,-0.08
2534,1ycc,A,52,N,S,-1.29
2535,1ycc,A,52,N,T,-0.53
2536,1ycc,A,52,N,V,1.67
2537,1ycc,A,76,P,G,-0.78
2538,1ycc,A,76,P,L,-3.44
2539,1ycc,A,76,P,R,-0.97
2540,1ycc,A,76,P,S,-1.89
2541,1ycc,A,76,P,V,-1.07
2542,1ycc,A,76,P,W,-2.38
2543,1ycc,A,76,P,Y,-2.07
2544,1yu5,X,41,H,Y,1.11
2545,1yyj,A,20,A,G,-1.97
2546,1yyj,A,23,A,G,-2.38
2547,1yyj,A,36,A,G,-2.61
2548,1yyj,A,37,A,G,-4.15
2549,1yyj,A,40,A,G,-1.41
2550,1yyj,A,87,A,G,-3.2
2551,1yyj,A,90,A,G,-2.34
2552,1yyj,A,91,A,G,-1.6
2553,1yyj,A,73,D,A,-1.57
2554,1yyj,A,18,E,A,1.3
2555,1yyj,A,61,F,A,-4.52
2556,1yyj,A,65,F,A,-1.92
2557,1yyj,A,17,I,A,-1.3
2558,1yyj,A,72,I,A,-4.79
2559,1yyj,A,98,I,A,-3.48
2560,1yyj,A,15,K,A,-0.2
2561,1yyj,A,27,K,A,-0.17
2562,1yyj,A,27,K,G,-1.0
2563,1yyj,A,51,K,G,-1.32
2564,1yyj,A,10,L,A,-1.86
2565,1yyj,A,14,L,A,-1.92
2566,1yyj,A,30,L,A,-2.83
2567,1yyj,A,38,L,G,-1.44
2568,1yyj,A,3,L,A,-1.6
2569,1yyj,A,48,L,A,-3.73
2570,1yyj,A,68,L,A,-3.88
2571,1yyj,A,76,L,A,-3.48
2572,1yyj,A,94,L,A,-1.5
2573,1yyj,A,33,M,A,-2.97
2574,1yyj,A,58,M,A,-2.91
2575,1yyj,A,34,R,A,-2.25
2576,1yyj,A,34,R,G,-3.26
2577,1yyj,A,69,V,G,-3.61
2578,1yyj,A,84,V,A,-3.42
2579,1yyj,A,7,W,M,-0.85
2580,1yyj,A,101,Y,A,0.52
2581,1yyj,A,105,Y,A,-2.36
2582,1zg4,A,77,C,S,-3.36
2583,1zg4,A,290,W,F,-0.83
2584,1znj,B,25,F,D,0.48
2585,1znj,B,25,F,H,0.75
2586,1znj,B,10,H,D,0.76
2587,1znj,B,10,H,E,1.11
2588,1znj,B,10,H,T,0.03
2589,1znj,B,29,K,G,-0.05
2590,1znj,B,9,S,D,0.06
2591,1znj,B,26,Y,T,-0.22
2592,2a01,A,141,L,R,-0.65
2593,2a36,A,22,T,A,0.4
2594,2a36,A,22,T,D,1.5
2595,2a36,A,22,T,F,1.3
2596,2a36,A,22,T,G,3.59
2597,2a36,A,22,T,K,0.0
2598,2a36,A,22,T,L,0.5
2599,2a36,A,22,T,N,1.3
2600,2a36,A,22,T,S,0.6
2601,2abd,A,34,A,G,-1.57
2602,2abd,A,69,A,G,-2.28
2603,2abd,A,9,A,G,-1.81
2604,2abd,A,21,D,A,0.42
2605,2abd,A,21,D,H,-0.56
2606,2abd,A,67,E,A,-0.36
2607,2abd,A,26,F,A,-1.79
2608,2abd,A,5,F,A,-2.52
2609,2abd,A,39,I,A,-1.05
2610,2abd,A,74,I,A,-1.7
2611,2abd,A,32,K,A,-1.02
2612,2abd,A,32,K,E,-1.68
2613,2abd,A,32,K,R,-1.83
2614,2abd,A,52,K,M,0.18
2615,2abd,A,54,K,A,-0.86
2616,2abd,A,54,K,M,0.27
2617,2abd,A,15,L,A,-3.1
2618,2abd,A,25,L,A,-1.02
2619,2abd,A,80,L,A,-3.7
2620,2abd,A,19,P,A,-1.07
2621,2abd,A,44,P,A,-1.4
2622,2abd,A,33,Q,A,-3.66
2623,2abd,A,35,T,A,-1.09
2624,2abd,A,12,V,A,-1.69
2625,2abd,A,77,V,A,-1.14
2626,2abd,A,28,Y,A,-2.47
2627,2abd,A,28,Y,F,-1.06
2628,2abd,A,28,Y,N,-2.23
2629,2abd,A,31,Y,N,-1.52
2630,2abd,A,73,Y,A,-4.83
2631,2abd,A,73,Y,F,0.27
2632,2afg,A,117,C,I,-1.2
2633,2afg,A,117,C,S,-0.26
2634,2afg,A,108,F,Y,0.33
2635,2afg,A,132,F,W,0.29
2636,2afg,A,85,F,W,-0.07
2637,2afg,A,102,H,Y,0.1
2638,2afg,A,21,H,Y,0.39
2639,2afg,A,44,L,F,0.595
2640,2afg,A,44,L,P,0.69
2641,2afg,A,44,L,W,3.4
2642,2afg,A,73,L,V,-1.46
2643,2afg,A,109,V,I,-0.11
2644,2afg,A,109,V,L,-0.57
2645,2aky,A,213,I,F,-1.91
2646,2aky,A,169,N,D,-2.15
2647,2aky,A,77,T,H,-2.15
2648,2aky,A,8,V,I,-1.2
2649,2ci2,I,35,A,G,-1.09
2650,2ci2,I,77,A,G,-1.88
2651,2ci2,I,42,D,A,-0.96
2652,2ci2,I,64,D,A,-0.8
2653,2ci2,I,71,D,A,-3.41
2654,2ci2,I,26,E,A,-0.47
2655,2ci2,I,26,E,Q,-0.62
2656,2ci2,I,33,E,D,-0.52
2657,2ci2,I,33,E,N,-0.7
2658,2ci2,I,33,E,Q,-0.29
2659,2ci2,I,34,E,D,-0.74
2660,2ci2,I,34,E,N,-1.07
2661,2ci2,I,34,E,Q,-0.47
2662,2ci2,I,45,E,A,0.125
2663,2ci2,I,60,E,A,-0.69
2664,2ci2,I,69,F,A,-3.84
2665,2ci2,I,69,F,L,-2.11
2666,2ci2,I,69,F,V,-2.39
2667,2ci2,I,39,I,L,-1.96
2668,2ci2,I,39,I,V,-1.29
2669,2ci2,I,48,I,A,-3.84
2670,2ci2,I,48,I,V,-1.1
2671,2ci2,I,49,I,A,-2.12
2672,2ci2,I,49,I,G,-3.52
2673,2ci2,I,49,I,T,-1.34
2674,2ci2,I,49,I,V,0.08
2675,2ci2,I,56,I,A,-0.03
2676,2ci2,I,76,I,A,-4.25
2677,2ci2,I,76,I,V,0.2
2678,2ci2,I,21,K,A,-0.55
2679,2ci2,I,21,K,M,-0.67
2680,2ci2,I,30,K,A,0.42
2681,2ci2,I,36,K,A,-0.49
2682,2ci2,I,36,K,G,-2.32
2683,2ci2,I,37,K,A,0.22
2684,2ci2,I,37,K,G,-0.98
2685,2ci2,I,43,K,A,-0.005
2686,2ci2,I,43,K,G,-3.19
2687,2ci2,I,72,K,N,0.0
2688,2ci2,I,27,L,A,-2.66
2689,2ci2,I,40,L,A,-1.33
2690,2ci2,I,40,L,G,-1.38
2691,2ci2,I,51,L,A,-2.37
2692,2ci2,I,51,L,I,-0.26
2693,2ci2,I,51,L,V,-0.5
2694,2ci2,I,68,L,A,-3.82
2695,2ci2,I,75,N,A,-0.83
2696,2ci2,I,75,N,D,-1.21
2697,2ci2,I,25,P,A,-1.57
2698,2ci2,I,44,P,A,0.085
2699,2ci2,I,52,P,A,-0.17
2700,2ci2,I,80,P,A,-3.34
2701,2ci2,I,41,Q,A,-0.02
2702,2ci2,I,41,Q,G,-0.6
2703,2ci2,I,62,R,A,-0.58
2704,2ci2,I,67,R,A,-1.21
2705,2ci2,I,31,S,A,-0.89
2706,2ci2,I,31,S,G,-0.8
2707,2ci2,I,22,T,A,-0.85
2708,2ci2,I,22,T,G,-1.16
2709,2ci2,I,22,T,V,-0.32
2710,2ci2,I,55,T,A,0.23
2711,2ci2,I,55,T,S,-0.02
2712,2ci2,I,55,T,V,-0.76
2713,2ci2,I,58,T,A,-0.69
2714,2ci2,I,58,T,D,0.04
2715,2ci2,I,38,V,A,-0.48
2716,2ci2,I,53,V,A,-0.64
2717,2ci2,I,53,V,G,-2.43
2718,2ci2,I,53,V,T,-1.03
2719,2ci2,I,57,V,A,-1.47
2720,2ci2,I,66,V,A,-4.88
2721,2ci2,I,70,V,A,-1.95
2722,2ci2,I,79,V,A,-1.51
2723,2ci2,I,79,V,G,-3.24
2724,2ci2,I,79,V,T,-0.38
2725,2ci2,I,82,V,A,-1.45
2726,2ci2,I,82,V,G,-3.5
2727,2ci2,I,82,V,T,-1.15
2728,2dri,A,188,A,C,-1.8
2729,2dri,A,27,A,T,-3.3
2730,2dri,A,62,L,C,-2.7
2731,2dri,A,50,V,E,-3.5
2732,2h61,A,14,F,A,-2.85
2733,2h61,A,11,I,A,-1.65
2734,2h61,A,3,L,A,-0.64
2735,2h61,A,3,L,S,-1.25
2736,2h61,A,7,M,A,-2.0
2737,2hpr,A,46,S,D,0.7
2738,2imm,A,100,A,G,0.02
2739,2imm,A,15,A,L,1.36
2740,2imm,A,32,F,Y,0.38
2741,2imm,A,24,K,R,-0.17
2742,2imm,A,106,L,I,0.36
2743,2imm,A,21,M,I,0.24
2744,2imm,A,21,M,L,-0.31
2745,2imm,A,90,N,Q,1.05
2746,2imm,A,79,Q,E,-0.41
2747,2imm,A,63,T,S,0.29
2748,2lzm,A,129,A,L,-1.3
2749,2lzm,A,129,A,M,-1.9
2750,2lzm,A,129,A,V,-0.74
2751,2lzm,A,146,A,I,-4.31
2752,2lzm,A,146,A,T,-1.5
2753,2lzm,A,146,A,V,-4.31
2754,2lzm,A,160,A,T,-1.65
2755,2lzm,A,41,A,D,0.29
2756,2lzm,A,41,A,V,0.3
2757,2lzm,A,42,A,K,-3.7
2758,2lzm,A,74,A,P,-4.7
2759,2lzm,A,82,A,P,0.8
2760,2lzm,A,93,A,P,0.1
2761,2lzm,A,93,A,T,0.06
2762,2lzm,A,98,A,T,-3.83
2763,2lzm,A,98,A,V,-4.98
2764,2lzm,A,54,C,T,0.3
2765,2lzm,A,54,C,V,-0.7
2766,2lzm,A,20,D,A,-0.3
2767,2lzm,A,20,D,N,1.3
2768,2lzm,A,20,D,S,0.7
2769,2lzm,A,20,D,T,0.9
2770,2lzm,A,47,D,A,-0.95
2771,2lzm,A,72,D,P,-2.7
2772,2lzm,A,89,D,A,-0.5
2773,2lzm,A,92,D,N,-1.4
2774,2lzm,A,108,E,V,0.7
2775,2lzm,A,11,E,A,1.1
2776,2lzm,A,11,E,F,1.7
2777,2lzm,A,11,E,H,0.1
2778,2lzm,A,11,E,M,1.6
2779,2lzm,A,11,E,N,-0.1
2780,2lzm,A,128,E,A,0.16
2781,2lzm,A,128,E,K,-1.16
2782,2lzm,A,22,E,K,0.57
2783,2lzm,A,45,E,A,0.01
2784,2lzm,A,153,F,A,-3.8
2785,2lzm,A,153,F,C,-3.11
2786,2lzm,A,153,F,I,-0.2
2787,2lzm,A,153,F,L,0.35
2788,2lzm,A,153,F,M,-0.6
2789,2lzm,A,153,F,V,-1.8
2790,2lzm,A,113,G,A,0.3
2791,2lzm,A,113,G,E,0.3
2792,2lzm,A,156,G,D,-2.3
2793,2lzm,A,30,G,A,0.1
2794,2lzm,A,30,G,F,-1.5
2795,2lzm,A,51,G,D,-2.63
2796,2lzm,A,77,G,A,0.4
2797,2lzm,A,31,H,N,-4.0
2798,2lzm,A,100,I,M,-1.6
2799,2lzm,A,100,I,V,-0.4
2800,2lzm,A,3,I,A,-0.7
2801,2lzm,A,3,I,C,-1.2
2802,2lzm,A,3,I,D,-3.2
2803,2lzm,A,3,I,E,-2.0
2804,2lzm,A,3,I,F,-1.1
2805,2lzm,A,3,I,G,-2.1
2806,2lzm,A,3,I,L,0.4
2807,2lzm,A,3,I,M,-0.9
2808,2lzm,A,3,I,S,-1.7
2809,2lzm,A,3,I,T,-2.3
2810,2lzm,A,3,I,V,-0.4
2811,2lzm,A,3,I,W,-2.8
2812,2lzm,A,3,I,Y,-2.3
2813,2lzm,A,58,I,T,-3.4
2814,2lzm,A,58,I,Y,-3.11
2815,2lzm,A,78,I,M,-1.5
2816,2lzm,A,78,I,V,-0.8
2817,2lzm,A,124,K,G,-0.1
2818,2lzm,A,135,K,E,-1.0
2819,2lzm,A,147,K,E,-0.7
2820,2lzm,A,16,K,E,0.5
2821,2lzm,A,43,K,A,-1.07
2822,2lzm,A,48,K,A,-0.56
2823,2lzm,A,60,K,H,-0.1
2824,2lzm,A,60,K,P,0.0
2825,2lzm,A,83,K,H,-0.4
2826,2lzm,A,85,K,A,-0.6
2827,2lzm,A,118,L,I,-1.2
2828,2lzm,A,118,L,M,-0.7
2829,2lzm,A,121,L,A,-2.25
2830,2lzm,A,121,L,M,-0.8
2831,2lzm,A,133,L,A,-4.19
2832,2lzm,A,133,L,D,-5.7
2833,2lzm,A,133,L,F,-0.3
2834,2lzm,A,133,L,M,-0.4
2835,2lzm,A,39,L,A,-0.9
2836,2lzm,A,46,L,A,-1.86
2837,2lzm,A,84,L,M,-1.9
2838,2lzm,A,91,L,M,-0.8
2839,2lzm,A,99,L,A,-4.5
2840,2lzm,A,99,L,F,-0.3
2841,2lzm,A,99,L,G,-6.3
2842,2lzm,A,99,L,I,-1.5
2843,2lzm,A,99,L,M,-0.6
2844,2lzm,A,99,L,V,-2.0
2845,2lzm,A,102,M,K,-6.9
2846,2lzm,A,102,M,L,-0.7
2847,2lzm,A,102,M,V,-3.0
2848,2lzm,A,106,M,I,0.2
2849,2lzm,A,120,M,Y,-0.1
2850,2lzm,A,6,M,I,-1.38
2851,2lzm,A,101,N,A,-1.5
2852,2lzm,A,116,N,D,0.6
2853,2lzm,A,132,N,F,1.3
2854,2lzm,A,132,N,I,1.2
2855,2lzm,A,132,N,M,1.5
2856,2lzm,A,144,N,D,0.5
2857,2lzm,A,144,N,E,0.4
2858,2lzm,A,144,N,H,0.3
2859,2lzm,A,163,N,D,-0.21
2860,2lzm,A,40,N,A,0.32
2861,2lzm,A,40,N,D,0.44
2862,2lzm,A,55,N,G,-0.6
2863,2lzm,A,68,N,A,0.05
2864,2lzm,A,105,Q,A,-0.6
2865,2lzm,A,105,Q,E,-1.1
2866,2lzm,A,105,Q,G,-1.5
2867,2lzm,A,105,Q,M,-1.2
2868,2lzm,A,123,Q,E,0.4
2869,2lzm,A,69,Q,P,-2.9
2870,2lzm,A,119,R,E,-0.04
2871,2lzm,A,119,R,H,-0.29
2872,2lzm,A,119,R,M,0.1
2873,2lzm,A,14,R,K,-0.03
2874,2lzm,A,154,R,E,-1.1
2875,2lzm,A,80,R,K,-0.17
2876,2lzm,A,96,R,A,-2.0
2877,2lzm,A,96,R,C,-2.9
2878,2lzm,A,96,R,D,-3.5
2879,2lzm,A,96,R,E,-2.5
2880,2lzm,A,96,R,F,-4.2
2881,2lzm,A,96,R,G,-2.6
2882,2lzm,A,96,R,H,-2.8
2883,2lzm,A,96,R,I,-2.9
2884,2lzm,A,96,R,K,0.0
2885,2lzm,A,96,R,L,-3.2
2886,2lzm,A,96,R,M,-2.7
2887,2lzm,A,96,R,N,-3.0
2888,2lzm,A,96,R,P,-5.5
2889,2lzm,A,96,R,Q,-0.3
2890,2lzm,A,96,R,S,-2.6
2891,2lzm,A,96,R,T,-2.8
2892,2lzm,A,96,R,V,-2.4
2893,2lzm,A,96,R,W,-4.5
2894,2lzm,A,96,R,Y,-4.7
2895,2lzm,A,117,S,F,1.1
2896,2lzm,A,117,S,I,1.7
2897,2lzm,A,117,S,V,2.0
2898,2lzm,A,38,S,A,-0.77
2899,2lzm,A,38,S,D,0.6
2900,2lzm,A,38,S,N,0.0
2901,2lzm,A,44,S,A,0.34
2902,2lzm,A,90,S,H,-1.1
2903,2lzm,A,109,T,D,0.6
2904,2lzm,A,109,T,N,0.1
2905,2lzm,A,115,T,E,0.04
2906,2lzm,A,151,T,S,0.39
2907,2lzm,A,152,T,A,-1.5
2908,2lzm,A,152,T,C,-0.5
2909,2lzm,A,152,T,I,-0.4
2910,2lzm,A,152,T,S,-2.0
2911,2lzm,A,152,T,V,0.2
2912,2lzm,A,157,T,A,-0.9
2913,2lzm,A,157,T,C,-1.3
2914,2lzm,A,157,T,D,-2.12
2915,2lzm,A,157,T,E,-1.22
2916,2lzm,A,157,T,F,-3.73
2917,2lzm,A,157,T,G,-1.1
2918,2lzm,A,157,T,H,-2.1
2919,2lzm,A,157,T,I,-1.2
2920,2lzm,A,157,T,L,-1.63
2921,2lzm,A,157,T,N,-0.99
2922,2lzm,A,157,T,R,-0.54
2923,2lzm,A,157,T,S,-0.66
2924,2lzm,A,157,T,V,-1.49
2925,2lzm,A,26,T,S,0.57
2926,2lzm,A,59,T,A,-1.5
2927,2lzm,A,59,T,D,-1.2
2928,2lzm,A,59,T,G,-1.6
2929,2lzm,A,59,T,N,-1.1
2930,2lzm,A,59,T,S,-0.2
2931,2lzm,A,59,T,V,-1.5
2932,2lzm,A,103,V,A,-1.91
2933,2lzm,A,103,V,I,-0.5
2934,2lzm,A,103,V,M,-1.2
2935,2lzm,A,111,V,A,-1.0
2936,2lzm,A,111,V,F,-1.4
2937,2lzm,A,111,V,I,-0.7
2938,2lzm,A,131,V,A,0.39
2939,2lzm,A,131,V,D,0.08
2940,2lzm,A,131,V,E,0.2
2941,2lzm,A,131,V,G,-0.68
2942,2lzm,A,131,V,I,0.16
2943,2lzm,A,131,V,L,0.09
2944,2lzm,A,131,V,M,0.12
2945,2lzm,A,131,V,S,-0.05
2946,2lzm,A,131,V,T,-0.09
2947,2lzm,A,149,V,A,-3.15
2948,2lzm,A,149,V,C,-2.0
2949,2lzm,A,149,V,G,-4.9
2950,2lzm,A,149,V,I,0.0
2951,2lzm,A,149,V,S,-4.4
2952,2lzm,A,149,V,T,-3.0
2953,2lzm,A,87,V,I,-0.3
2954,2lzm,A,138,W,Y,-2.62
2955,2lzm,A,25,Y,G,-4.55
2956,2nvh,A,8,C,A,-2.02
2957,2nvh,A,8,C,S,-3.74
2958,2nvh,A,97,K,G,-1.65
2959,2nvh,A,97,K,R,-1.8
2960,2nvh,A,97,K,V,1.15
2961,2nvh,A,10,L,A,-3.9
2962,2nvh,A,6,L,A,-2.13
2963,2nvh,A,7,N,D,0.09
2964,2nvh,A,7,N,G,-1.91
2965,2nvh,A,4,R,Q,-0.57
2966,2nvh,A,9,T,A,-1.45
2967,2nvh,A,9,T,G,-2.91
2968,2nvh,A,9,T,L,-1.9
2969,2nvh,A,9,T,Q,-2.53
2970,2ocj,A,242,C,S,-3.3
2971,2ocj,A,175,R,H,-3.47
2972,2ocj,A,248,R,Q,-2.03
2973,2ocj,A,249,R,S,-1.81
2974,2ocj,A,273,R,H,-0.13
2975,2rn2,A,125,A,T,0.0
2976,2rn2,A,24,A,V,0.88
2977,2rn2,A,52,A,C,0.8
2978,2rn2,A,52,A,D,-1.9
2979,2rn2,A,52,A,E,-1.5
2980,2rn2,A,52,A,F,-0.5
2981,2rn2,A,52,A,G,-2.7
2982,2rn2,A,52,A,H,-3.6
2983,2rn2,A,52,A,I,1.9
2984,2rn2,A,52,A,L,1.3
2985,2rn2,A,52,A,M,0.5
2986,2rn2,A,52,A,N,-1.8
2987,2rn2,A,52,A,Q,-1.2
2988,2rn2,A,52,A,S,-1.8
2989,2rn2,A,52,A,T,-0.8
2990,2rn2,A,52,A,V,1.7
2991,2rn2,A,52,A,Y,-2.3
2992,2rn2,A,10,D,A,4.05
2993,2rn2,A,10,D,E,1.0
2994,2rn2,A,10,D,H,2.4
2995,2rn2,A,10,D,N,2.0
2996,2rn2,A,10,D,S,2.7
2997,2rn2,A,134,D,A,1.51
2998,2rn2,A,134,D,E,0.86
2999,2rn2,A,134,D,H,1.92
3000,2rn2,A,134,D,I,1.27
3001,2rn2,A,134,D,L,1.51
3002,2rn2,A,134,D,N,0.9
3003,2rn2,A,134,D,Q,1.32
3004,2rn2,A,134,D,S,1.08
3005,2rn2,A,134,D,T,1.08
3006,2rn2,A,134,D,V,1.12
3007,2rn2,A,70,D,A,1.1
3008,2rn2,A,70,D,E,0.1
3009,2rn2,A,70,D,N,1.6
3010,2rn2,A,94,D,E,-0.4
3011,2rn2,A,119,E,V,0.74
3012,2rn2,A,135,E,K,-0.22
3013,2rn2,A,48,E,A,-0.3
3014,2rn2,A,48,E,D,-0.2
3015,2rn2,A,48,E,Q,0.3
3016,2rn2,A,23,G,A,0.5
3017,2rn2,A,77,G,A,-0.9
3018,2rn2,A,114,H,A,-1.87
3019,2rn2,A,124,H,A,0.17
3020,2rn2,A,127,H,A,-0.32
3021,2rn2,A,62,H,A,0.44
3022,2rn2,A,62,H,D,-0.17
3023,2rn2,A,62,H,P,1.1
3024,2rn2,A,62,H,R,0.36
3025,2rn2,A,83,H,A,0.07
3026,2rn2,A,53,I,D,-3.1
3027,2rn2,A,53,I,F,-3.9
3028,2rn2,A,53,I,L,-1.4
3029,2rn2,A,53,I,V,-0.2
3030,2rn2,A,117,K,R,0.03
3031,2rn2,A,91,K,R,0.0
3032,2rn2,A,95,K,A,0.1
3033,2rn2,A,95,K,G,1.9
3034,2rn2,A,95,K,N,0.89
3035,2rn2,A,113,Q,P,-0.6
3036,2rn2,A,76,Q,L,0.24
3037,2rn2,A,80,Q,L,0.3
3038,2rn2,A,41,R,C,0.44
3039,2rn2,A,68,S,A,-0.2
3040,2rn2,A,68,S,G,-2.17
3041,2rn2,A,68,S,L,-0.82
3042,2rn2,A,68,S,T,-0.01
3043,2rn2,A,68,S,V,0.7
3044,2rn2,A,74,V,A,-3.4
3045,2rn2,A,74,V,I,0.6
3046,2rn2,A,74,V,L,0.9
3047,2trt,A,128,R,E,0.31
3048,2trx,A,32,C,A,-3.5
3049,2trx,A,35,C,A,-3.03
3050,2trx,A,26,D,A,4.2
3051,2trx,A,26,D,I,3.37
3052,2trx,A,78,L,K,-3.9
3053,2trx,A,78,L,R,-4.0
3054,2trx,A,66,T,L,-1.03
3055,2trx,A,77,T,V,-0.72
3056,2ts1,A,52,I,L,0.1
3057,2ts1,A,105,L,V,-3.15
3058,3bls,A,150,Y,F,-0.7
3059,3eca,A,122,S,A,0.96
3060,3eca,A,119,T,A,0.0
3061,3eca,A,12,T,A,0.0
3062,3eca,A,12,T,S,-0.24
3063,3gly,A,137,G,A,-0.31
3064,3gly,A,139,G,A,-1.4
3065,3gly,A,251,G,A,-0.14
3066,3gly,A,383,G,A,0.11
3067,3hhr,A,74,E,A,-0.49
3068,3hhr,A,74,E,D,-0.55
3069,3hhr,A,74,E,L,-0.79
3070,3hhr,A,74,E,Q,-0.18
3071,3hhr,A,74,E,S,-0.91
3072,3hhr,A,74,E,T,-0.55
3073,3hhr,A,71,S,A,-0.97
3074,3hhr,A,71,S,Q,-1.28
3075,3hhr,A,71,S,T,0.33
3076,3hhr,A,71,S,V,-1.19
3077,3mbp,A,276,A,G,-1.5
3078,3mbp,A,55,D,N,0.0
3079,3mbp,A,19,G,C,-2.3
3080,3mbp,A,133,P,A,-0.3
3081,3mbp,A,133,P,S,-2.1
3082,3mbp,A,159,P,A,-1.8
3083,3mbp,A,159,P,S,-2.1
3084,3mbp,A,48,P,A,0.5
3085,3mbp,A,48,P,S,0.3
3086,3mbp,A,345,T,I,0.7
3087,3mbp,A,8,V,G,-1.1
3088,3mbp,A,10,W,A,-4.31
3089,3mbp,A,283,Y,D,-3.2
3090,3pgk,A,194,F,W,-1.12
3091,3pgk,A,388,H,Q,-0.84
3092,3pgk,A,399,L,W,-2.56
3093,3pgk,A,308,W,F,-2.46
3094,3pgk,A,308,W,Y,-1.06
3095,3pgk,A,333,W,F,-1.88
3096,3pgk,A,333,W,Y,-1.13
3097,3pgk,A,122,Y,W,-2.19
3098,3pgk,A,48,Y,W,-1.62
3099,3sil,A,53,A,L,0.9
3100,3sil,A,69,A,V,0.45
3101,3ssi,A,103,M,A,-2.56
3102,3ssi,A,103,M,G,-6.96
3103,3ssi,A,103,M,I,-2.09
3104,3ssi,A,103,M,L,-0.07
3105,3ssi,A,103,M,V,-2.03
3106,3ssi,A,73,M,A,0.55
3107,3ssi,A,73,M,D,1.6
3108,3ssi,A,73,M,E,1.05
3109,3ssi,A,73,M,G,-0.06
3110,3ssi,A,73,M,I,-0.94
3111,3ssi,A,73,M,K,0.35
3112,3ssi,A,73,M,L,-0.25
3113,3ssi,A,73,M,V,-0.66
3114,3ssi,A,13,V,A,-6.78
3115,3ssi,A,13,V,F,-5.69
3116,3ssi,A,13,V,G,-10.3
3117,3ssi,A,13,V,I,-0.89
3118,3ssi,A,13,V,L,-2.37
3119,3ssi,A,13,V,M,-5.68
3120,451c,A,43,E,Y,0.6
3121,451c,A,34,F,Y,1.9
3122,451c,A,7,F,A,1.1
3123,451c,A,37,Q,R,0.5
3124,451c,A,13,V,M,0.4
3125,451c,A,78,V,I,1.0
3126,4lyz,A,31,A,I,1.4
3127,4lyz,A,31,A,L,1.8
3128,4lyz,A,31,A,V,1.2
3129,4lyz,A,94,C,A,6.0
3130,4lyz,A,101,D,A,0.76
3131,4lyz,A,101,D,E,0.0
3132,4lyz,A,101,D,F,0.72
3133,4lyz,A,101,D,G,0.45
3134,4lyz,A,101,D,K,0.19
3135,4lyz,A,101,D,N,0.04
3136,4lyz,A,101,D,Q,-0.08
3137,4lyz,A,101,D,R,0.27
3138,4lyz,A,101,D,S,0.87
3139,4lyz,A,35,E,A,1.24
3140,4lyz,A,35,E,H,-2.45
3141,4lyz,A,35,E,Q,-0.64
3142,4lyz,A,34,F,Y,0.19
3143,4lyz,A,3,F,Y,-0.45
3144,4lyz,A,102,G,A,0.02
3145,4lyz,A,102,G,R,0.38
3146,4lyz,A,102,G,V,-0.04
3147,4lyz,A,117,G,A,-1.46
3148,4lyz,A,49,G,A,-1.91
3149,4lyz,A,49,G,N,2.0
3150,4lyz,A,67,G,A,-1.19
3151,4lyz,A,71,G,A,-0.38
3152,4lyz,A,15,H,L,0.76
3153,4lyz,A,55,I,A,-4.4
3154,4lyz,A,55,I,F,-2.46
3155,4lyz,A,55,I,L,-0.45
3156,4lyz,A,55,I,M,-2.27
3157,4lyz,A,55,I,T,-4.96
3158,4lyz,A,55,I,V,-0.91
3159,4lyz,A,58,I,M,-1.18
3160,4lyz,A,78,I,M,-0.9
3161,4lyz,A,98,I,M,-0.9
3162,4lyz,A,13,K,D,8.0
3163,4lyz,A,105,M,T,-1.0
3164,4lyz,A,12,M,F,0.28
3165,4lyz,A,12,M,L,0.24
3166,4lyz,A,103,N,D,-1.0
3167,4lyz,A,19,N,K,-1.06
3168,4lyz,A,46,N,D,-0.44
3169,4lyz,A,77,N,H,-0.38
3170,4lyz,A,70,P,N,3.5
3171,4lyz,A,121,Q,H,-0.45
3172,4lyz,A,114,R,H,0.68
3173,4lyz,A,21,R,Q,-0.15
3174,4lyz,A,68,R,K,-0.04
3175,4lyz,A,73,R,K,0.23
3176,4lyz,A,91,S,A,-0.15
3177,4lyz,A,91,S,D,-2.31
3178,4lyz,A,91,S,T,0.99
3179,4lyz,A,91,S,V,-0.08
3180,4lyz,A,91,S,Y,-3.07
3181,4lyz,A,40,T,I,-2.2
3182,4lyz,A,40,T,S,-0.27
3183,4lyz,A,108,W,Q,-3.95
3184,4lyz,A,108,W,Y,-1.92
3185,5cro,A,36,A,S,0.2
3186,5cro,A,16,Q,L,1.4
3187,5cro,A,26,Y,C,2.2
3188,5cro,A,26,Y,D,2.7
3189,5cro,A,26,Y,F,0.4
3190,5cro,A,26,Y,H,1.9
3191,5cro,A,26,Y,L,1.1
3192,5cro,A,26,Y,Q,1.4
3193,5cro,A,26,Y,V,0.9
3194,5cro,A,26,Y,W,-0.1
3195,5dfr,A,152,C,E,-0.97
3196,5dfr,A,85,C,S,-0.97
3197,5dfr,A,122,D,A,-1.0
3198,5dfr,A,27,D,N,1.21
3199,5dfr,A,139,E,K,-1.59
3200,5dfr,A,139,E,Q,-0.89
3201,5dfr,A,31,F,A,-1.72
3202,5dfr,A,31,F,V,-1.46
3203,5dfr,A,121,G,A,-0.01
3204,5dfr,A,121,G,C,-0.22
3205,5dfr,A,121,G,D,-0.34
3206,5dfr,A,121,G,H,-0.56
3207,5dfr,A,121,G,L,-0.58
3208,5dfr,A,121,G,S,-0.08
3209,5dfr,A,121,G,V,-0.99
3210,5dfr,A,121,G,Y,-0.51
3211,5dfr,A,15,G,A,0.44
3212,5dfr,A,43,G,A,-0.48
3213,5dfr,A,67,G,A,-0.05
3214,5dfr,A,67,G,C,-0.51
3215,5dfr,A,67,G,D,-0.58
3216,5dfr,A,67,G,L,-0.51
3217,5dfr,A,67,G,S,-0.27
3218,5dfr,A,67,G,T,-0.62
3219,5dfr,A,67,G,V,-0.7
3220,5dfr,A,95,G,A,-0.9
3221,5dfr,A,155,I,A,-2.99
3222,5dfr,A,155,I,D,-3.19
3223,5dfr,A,155,I,E,-2.62
3224,5dfr,A,155,I,K,-2.69
3225,5dfr,A,155,I,L,-1.63
3226,5dfr,A,155,I,Q,-3.01
3227,5dfr,A,155,I,R,-2.65
3228,5dfr,A,155,I,S,-3.09
3229,5dfr,A,155,I,T,-2.53
3230,5dfr,A,155,I,V,-0.03
3231,5dfr,A,155,I,W,-3.21
3232,5dfr,A,155,I,Y,-2.85
3233,5dfr,A,2,I,V,-0.55
3234,5dfr,A,61,I,L,-0.36
3235,5dfr,A,61,I,V,-0.83
3236,5dfr,A,91,I,L,-1.5
3237,5dfr,A,91,I,V,-1.34
3238,5dfr,A,94,I,L,-0.63
3239,5dfr,A,94,I,V,-0.67
3240,5dfr,A,112,L,I,-0.25
3241,5dfr,A,112,L,V,-1.39
3242,5dfr,A,24,L,V,-1.29
3243,5dfr,A,28,L,R,1.08
3244,5dfr,A,54,L,V,-0.32
3245,5dfr,A,59,N,C,0.24
3246,5dfr,A,59,N,E,-1.36
3247,5dfr,A,59,N,G,-2.01
3248,5dfr,A,59,N,H,-0.81
3249,5dfr,A,59,N,I,0.13
3250,5dfr,A,59,N,K,-1.55
3251,5dfr,A,59,N,L,0.01
3252,5dfr,A,59,N,M,-0.14
3253,5dfr,A,59,N,Q,-0.35
3254,5dfr,A,59,N,S,-1.26
3255,5dfr,A,59,N,T,-0.05
3256,5dfr,A,59,N,V,0.36
3257,5dfr,A,59,N,W,-0.79
3258,5dfr,A,44,R,A,-0.94
3259,5dfr,A,44,R,L,0.78
3260,5dfr,A,148,S,A,-0.42
3261,5dfr,A,148,S,E,-0.61
3262,5dfr,A,148,S,K,-0.38
3263,5dfr,A,148,S,N,-0.88
3264,5dfr,A,148,S,R,-0.66
3265,5dfr,A,148,S,T,-0.41
3266,5dfr,A,148,S,V,-0.35
3267,5dfr,A,113,T,V,-0.91
3268,5dfr,A,35,T,A,-1.1
3269,5dfr,A,40,V,A,-1.59
3270,5dfr,A,40,V,F,-1.99
3271,5dfr,A,40,V,H,-2.76
3272,5dfr,A,40,V,I,-0.5
3273,5dfr,A,40,V,L,-0.78
3274,5dfr,A,40,V,M,-1.27
3275,5dfr,A,40,V,N,-1.82
3276,5dfr,A,40,V,R,-1.38
3277,5dfr,A,40,V,S,-2.04
3278,5dfr,A,75,V,A,-0.05
3279,5dfr,A,75,V,C,-0.05
3280,5dfr,A,75,V,H,-1.72
3281,5dfr,A,75,V,I,-1.65
3282,5dfr,A,75,V,R,-2.0
3283,5dfr,A,75,V,S,-0.8
3284,5dfr,A,75,V,Y,-1.8
3285,5dfr,A,88,V,A,0.29
3286,5dfr,A,88,V,I,-0.49
3287,5dfr,A,22,W,L,-0.31
3288,5dfr,A,30,W,A,-2.03
3289,5dfr,A,30,W,E,-2.42
3290,5dfr,A,30,W,H,-2.44
3291,5dfr,A,30,W,M,-1.94
3292,5dfr,A,30,W,N,-2.07
3293,5dfr,A,30,W,R,-2.09
3294,5dfr,A,30,W,S,-2.29
3295,5dfr,A,30,W,Y,-1.79
3296,5dfr,A,74,W,F,-1.2
3297,5pti,A,16,A,T,-1.7
3298,5pti,A,16,A,V,-1.3
3299,5pti,A,22,F,A,-1.11
3300,5pti,A,33,F,I,-2.4
3301,5pti,A,33,F,L,-2.7
3302,5pti,A,4,F,L,-2.2
3303,5pti,A,12,G,D,-4.3
3304,5pti,A,12,G,V,-4.1
3305,5pti,A,36,G,D,-2.8
3306,5pti,A,36,G,S,-0.7
3307,5pti,A,37,G,A,-3.01
3308,5pti,A,37,G,D,-1.7
3309,5pti,A,44,N,G,-4.7
3310,5pti,A,10,Y,L,-2.9
3311,5pti,A,21,Y,A,-3.9
3312,5pti,A,21,Y,L,-3.4
3313,5pti,A,35,Y,A,-4.7
3314,5pti,A,35,Y,D,-3.8
3315,5pti,A,35,Y,F,-0.6
3316,5pti,A,35,Y,G,-5.0
3317,5pti,A,35,Y,N,-3.7
