,pdb,mut_format,ddg,chain,wildtype,resseq,mutation
0,1a0f,SA11A,-1.8,A,S,11,A
1,1a7v,AA104H,-2.69,A,A,104,H
2,1a7v,KA13H,-0.6,A,K,13,H
3,1a7v,KA20H,-2.88,A,K,20,H
4,1a7v,DA3H,-1.36,A,D,3,H
5,1a7v,KA31H,-1.36,A,K,31,H
6,1a7v,KA39H,-1.86,A,K,39,H
7,1a7v,KA49H,-2.02,A,K,49,H
8,1a7v,DA58H,-2.05,A,D,58,H
9,1a7v,AA66H,-1.98,A,A,66,H
10,1a7v,EA73H,-3.01,A,E,73,H
11,1a7v,KA84H,-2.88,A,K,84,H
12,1a7v,AA91H,-1.7,A,A,91,H
13,1a7v,KA97H,-1.97,A,K,97,H
14,1ba3,HA461D,-1.745,A,H,461,D
15,1ba3,HA489D,0.287,A,H,489,D
16,1ba3,HA489K,-0.287,A,H,489,K
17,1ba3,HA489M,-0.263,A,H,489,M
18,1bfm,MA35W,-0.7,A,M,35,W
19,1bfm,MA35Y,-0.4,A,M,35,Y
20,1bnl,DA76A,-0.821,A,D,76,A
21,1d5g,IA20F,0.91,A,I,20,F
22,1d5g,HA71Y,-0.04,A,H,71,Y
23,1div,MA1A,-1.46,A,M,1,A
24,1div,MA1G,-2.36,A,M,1,G
25,1div,KA10M,0.05,A,K,10,M
26,1div,EA100A,-0.98,A,E,100,A
27,1div,EA100G,-1.52,A,E,100,G
28,1div,LA102A,-2.37,A,L,102,A
29,1div,HA106Q,-1.53,A,H,106,Q
30,1div,LA108A,-2.33,A,L,108,A
31,1div,LA110A,-3.21,A,L,110,A
32,1div,IA115A,-3.52,A,I,115,A
33,1div,LA117A,-0.82,A,L,117,A
34,1div,IA121A,-2.88,A,I,121,A
35,1div,VA129A,-1.81,A,V,129,A
36,1div,VA131A,-1.93,A,V,131,A
37,1div,LA133A,-2.94,A,L,133,A
38,1div,HA134Q,-0.34,A,H,134,Q
39,1div,VA137A,-2.41,A,V,137,A
40,1div,KA14M,0.01,A,K,14,M
41,1div,LA141A,-3.56,A,L,141,A
42,1div,VA143A,-3.25,A,V,143,A
43,1div,HA144Q,-0.56,A,H,144,Q
44,1div,VA145A,-1.92,A,V,145,A
45,1div,KA15M,-0.31,A,K,15,M
46,1div,EA17Q,-0.21,A,E,17,Q
47,1div,VA21A,-2.33,A,V,21,A
48,1div,VA21I,-0.4,A,V,21,I
49,1div,VA21L,-1.23,A,V,21,L
50,1div,DA23A,-0.46,A,D,23,A
51,1div,DA23N,-0.58,A,D,23,N
52,1div,VA3A,-2.55,A,V,3,A
53,1div,VA3I,-0.31,A,V,3,I
54,1div,VA3L,-2.21,A,V,3,L
55,1div,LA30A,-2.76,A,L,30,A
56,1div,LA30V,-3.62,A,L,30,V
57,1div,EA38Q,-0.56,A,E,38,Q
58,1div,IA4A,-2.22,A,I,4,A
59,1div,IA4V,-0.59,A,I,4,V
60,1div,EA48Q,0.03,A,E,48,Q
61,1div,EA54Q,0.33,A,E,54,Q
62,1div,LA6A,-3.1,A,L,6,A
63,1div,LA6I,-0.13,A,L,6,I
64,1div,LA6V,-0.41,A,L,6,V
65,1div,KA7M,0.35,A,K,7,M
66,1div,LA72A,-3.77,A,L,72,A
67,1div,IA79A,-3.49,A,I,79,A
68,1div,DA8N,-0.3,A,D,8,N
69,1div,IA93A,-3.19,A,I,93,A
70,1div,KA96A,0.61,A,K,96,A
71,1div,KA96G,-0.2,A,K,96,G
72,1div,IA98A,-4.28,A,I,98,A
73,1dxx,KA18N,-3.7,A,K,18,N
74,1ekg,SA181F,-2.6,A,S,181,F
75,1ekg,LA198C,-1.0,A,L,198,C
76,1ekg,LA200C,-2.0,A,L,200,C
77,1ekg,LA203C,1.0,A,L,203,C
78,1f8i,FA345A,-0.455,A,F,345,A
79,1fh5,SH18N,0.6,H,S,18,N
80,1frd,HA42R,4.0,A,H,42,R
81,1ft8,LA212V,-1.38,A,L,212,V
82,1ft8,MA216L,0.27,A,M,216,L
83,1ft8,LA238I,-0.35,A,L,238,I
84,1ft8,IA264V,-0.64,A,I,264,V
85,1ft8,LA267I,-0.11,A,L,267,I
86,1ft8,VA287A,-0.16,A,V,287,A
87,1ft8,LA293I,-0.8,A,L,293,I
88,1ft8,LA293V,-1.41,A,L,293,V
89,1ft8,LA315A,-1.65,A,L,315,A
90,1ft8,LA317I,-0.85,A,L,317,I
91,1ft8,SA339A,0.32,A,S,339,A
92,1ft8,LA348I,-0.53,A,L,348,I
93,1ft8,LA349I,0.05,A,L,349,I
94,1fxa,RA42A,-2.4,A,R,42,A
95,1fxa,RA42H,-1.4,A,R,42,H
96,1fxa,TA48A,0.1,A,T,48,A
97,1fxa,FA65A,-1.0,A,F,65,A
98,1fxa,FA65I,-0.9,A,F,65,I
99,1fxa,FA65W,-0.6,A,F,65,W
100,1fxa,FA65Y,-0.5,A,F,65,Y
101,1fxa,EA94D,-1.1,A,E,94,D
102,1fxa,EA94K,-0.4,A,E,94,K
103,1fxa,EA94Q,0.6,A,E,94,Q
104,1fxa,EA95K,1.0,A,E,95,K
105,1g3p,FA136V,-3.705,A,F,136,V
106,1g3p,QA137N,-1.793,A,Q,137,N
107,1g3p,NA138G,0.765,A,N,138,G
108,1g3p,NA139K,-0.43,A,N,139,K
109,1g3p,NA139V,-2.032,A,N,139,V
110,1g3p,RA144V,0.765,A,R,144,V
111,1g3p,QA145N,0.263,A,Q,145,N
112,1g3p,AA147K,-0.287,A,A,147,K
113,1g3p,DA160A,-0.263,A,D,160,A
114,1g3p,DA160C,-0.096,A,D,160,C
115,1g3p,DA160E,-0.359,A,D,160,E
116,1g3p,DA160F,-0.359,A,D,160,F
117,1g3p,DA160G,-0.669,A,D,160,G
118,1g3p,DA160H,0.048,A,D,160,H
119,1g3p,DA160I,-0.932,A,D,160,I
120,1g3p,DA160K,-0.335,A,D,160,K
121,1g3p,DA160L,-0.55,A,D,160,L
122,1g3p,DA160M,-0.502,A,D,160,M
123,1g3p,DA160N,0.072,A,D,160,N
124,1g3p,DA160P,-0.645,A,D,160,P
125,1g3p,DA160Q,-0.478,A,D,160,Q
126,1g3p,DA160R,-0.669,A,D,160,R
127,1g3p,DA160S,-0.287,A,D,160,S
128,1g3p,DA160T,-0.741,A,D,160,T
129,1g3p,DA160V,-1.123,A,D,160,V
130,1g3p,DA160W,-0.167,A,D,160,W
131,1g3p,DA160Y,-0.072,A,D,160,Y
132,1glu,CA500A,-1.22,A,C,500,A
133,1gua,RB100A,-0.693,B,R,100,A
134,1gua,EB104A,0.021,B,E,104,A
135,1gua,KB109A,-0.327,B,K,109,A
136,1gua,LB112A,-2.593,B,L,112,A
137,1gua,DB117A,-0.706,B,D,117,A
138,1gua,AB118G,-1.963,B,A,118,G
139,1gua,AB118L,-1.951,B,A,118,L
140,1gua,LB121A,-2.534,B,L,121,A
141,1gua,EB124A,-0.101,B,E,124,A
142,1gua,EB125A,-0.591,B,E,125,A
143,1gua,LB126A,-3.405,B,L,126,A
144,1gua,VB128A,-3.368,B,V,128,A
145,1gua,DB129A,-0.855,B,D,129,A
146,1gua,NB56M,0.271,B,N,56,M
147,1gua,IB58A,-3.274,B,I,58,A
148,1gua,IB58F,-1.299,B,I,58,F
149,1gua,IB58L,-0.771,B,I,58,L
150,1gua,RB59A,0.178,B,R,59,A
151,1gua,VB60A,-2.251,B,V,60,A
152,1gua,LB62A,-3.46,B,L,62,A
153,1gua,PB63A,-1.708,B,P,63,A
154,1gua,NB64A,-1.14,B,N,64,A
155,1gua,QB66A,-0.504,B,Q,66,A
156,1gua,TB68A,-0.109,B,T,68,A
157,1gua,VB69A,-1.116,B,V,69,A
158,1gua,VB70A,-1.77,B,V,70,A
159,1gua,VB72A,-1.052,B,V,72,A
160,1gua,VB72I,-0.864,B,V,72,I
161,1gua,MB76A,-0.961,B,M,76,A
162,1gua,SB77A,-1.573,B,S,77,A
163,1gua,SB77T,0.581,B,S,77,T
164,1gua,LB78A,-3.803,B,L,78,A
165,1gua,DB80A,-0.493,B,D,80,A
166,1gua,CB81A,0.283,B,C,81,A
167,1gua,CB81I,-0.912,B,C,81,I
168,1gua,LB82A,-3.529,B,L,82,A
169,1gua,LB82I,-1.6,B,L,82,I
170,1gua,LB82V,-1.7,B,L,82,V
171,1gua,AB85G,-2.149,B,A,85,G
172,1gua,LB86A,-3.226,B,L,86,A
173,1gua,RB89L,1.078,B,R,89,L
174,1gua,LB91A,-1.575,B,L,91,A
175,1gua,PB93A,-0.082,B,P,93,A
176,1gua,CB95A,-0.08,B,C,95,A
177,1gua,CB96A,-1.759,B,C,96,A
178,1gua,CB96L,-0.043,B,C,96,L
179,1gua,CB96M,-0.337,B,C,96,M
180,1gua,AB97G,-0.863,B,A,97,G
181,1gua,VB98A,-1.981,B,V,98,A
182,1gwy,AA8D,-1.6,A,A,8,D
183,1h0x,PA18A,-1.936,A,P,18,A
184,1h0x,PA62A,-2.581,A,P,62,A
185,1hcq,CA67A,-2.09,A,C,67,A
186,1hcq,CA67S,-1.99,A,C,67,S
187,1ioj,GA15A,0.4,A,G,15,A
188,1ir3,WA1175F,0.6,A,W,1175,F
189,1itm,CA24T,-3.3,A,C,24,T
190,1itm,CA3T,-5.0,A,C,3,T
191,1itm,WA91S,1.4,A,W,91,S
192,1iv7,LB162C,-1.9,B,L,162,C
193,1iv7,AB173C,0.5,B,A,173,C
194,1iv7,FB189C,-2.5,B,F,189,C
195,1iv9,SA76Y,4.299,A,S,76,Y
196,1j8i,RA23A,0.8,A,R,23,A
197,1j8i,KA25A,0.1,A,K,25,A
198,1j8i,RA35A,-0.1,A,R,35,A
199,1j8i,RA43A,0.7,A,R,43,A
200,1j8i,KA66A,0.1,A,K,66,A
201,1j8i,RA9A,-0.1,A,R,9,A
202,1jl9,AA25C,-1.44,A,A,25,C
203,1jlv,EA64D,-1.162,A,E,64,D
204,1jlv,EA64N,-2.304,A,E,64,N
205,1jlv,EA64Q,-2.302,A,E,64,Q
206,1l6h,FA39A,-1.697,A,F,39,A
207,1l6h,YA45A,-0.55,A,Y,45,A
208,1l6h,YA48A,-1.482,A,Y,48,A
209,1lvm,EA106G,1.4,A,E,106,G
210,1lvm,SA135G,0.0,A,S,135,G
211,1lvm,KA45F,0.43,A,K,45,F
212,1lvm,LA56V,0.0,A,L,56,V
213,1lvm,QA58F,0.6,A,Q,58,F
214,1n18,EA100G,-2.5,A,E,100,G
215,1n18,VA148I,0.1,A,V,148,I
216,1n18,HA46R,1.4,A,H,46,R
217,1n18,GA85R,-1.4,A,G,85,R
218,1n88,VA12A,-1.94,A,V,12,A
219,1n88,LA13A,-1.52,A,L,13,A
220,1n88,YA18A,0.06,A,Y,18,A
221,1n88,FA21A,-1.39,A,F,21,A
222,1n88,YA26A,-4.61,A,Y,26,A
223,1n88,VA30A,-2.84,A,V,30,A
224,1n88,IA39A,-1.39,A,I,39,A
225,1n88,VA43A,-2.82,A,V,43,A
226,1n88,VA49A,-2.83,A,V,49,A
227,1n88,VA51A,-3.24,A,V,51,A
228,1n88,VA54A,-3.73,A,V,54,A
229,1n88,LA57A,-1.11,A,L,57,A
230,1n88,IA8V,-1.52,A,I,8,V
231,1n88,IA80A,-2.79,A,I,80,A
232,1n88,VA81A,-2.82,A,V,81,A
233,1n88,VA83A,-3.1,A,V,83,A
234,1n88,IA89A,-2.35,A,I,89,A
235,1nm1,DA187N,-0.88,A,D,187,N
236,1nm1,DA187Y,-1.9,A,D,187,Y
237,1o1u,EA110A,-3.3,A,E,110,A
238,1o1u,TA38A,-1.2,A,T,38,A
239,1o1u,WA49Y,-1.2,A,W,49,Y
240,1o1u,QA51A,-0.3,A,Q,51,A
241,1o1u,NA61A,-1.2,A,N,61,A
242,1o1u,QA99A,0.3,A,Q,99,A
243,1o6x,VA12A,-1.1,A,V,12,A
244,1o6x,EA14A,-0.3,A,E,14,A
245,1o6x,IA15V,-0.43,A,I,15,V
246,1o6x,EA20G,-1.42,A,E,20,G
247,1o6x,IA23V,0.42,A,I,23,V
248,1o6x,LA26V,-0.97,A,L,26,V
249,1o6x,AA31G,-1.2,A,A,31,G
250,1o6x,DA38A,0.36,A,D,38,A
251,1o6x,FA39L,-1.88,A,F,39,L
252,1o6x,KA41A,-1.98,A,K,41,A
253,1o6x,AA50G,-1.4,A,A,50,G
254,1o6x,HA51A,-0.61,A,H,51,A
255,1o6x,VA52A,-1.08,A,V,52,A
256,1o6x,NA58A,-0.08,A,N,58,A
257,1o6x,QA60G,-0.49,A,Q,60,G
258,1o6x,VA64G,-1.1,A,V,64,G
259,1o6x,FA65A,-0.98,A,F,65,A
260,1o6x,IA71V,-1.31,A,I,71,V
261,1o6x,YA73L,-2.78,A,Y,73,L
262,1o6x,IA75A,-1.31,A,I,75,A
263,1osi,IA11V,-0.05,A,I,11,V
264,1osi,VA126M,-2.25,A,V,126,M
265,1osi,VA15I,-0.78,A,V,15,I
266,1osi,SA92F,0.39,A,S,92,F
267,1pfl,TA108M,0.07,A,T,108,M
268,1pfl,MA113T,-3.53,A,M,113,T
269,1pfl,GA117V,-1.96,A,G,117,V
270,1pfl,QA138L,1.82,A,Q,138,L
271,1pfl,AA20T,-1.53,A,A,20,T
272,1pre,CA159S,-2.4,A,C,159,S
273,1prg,QA286P,-0.3,A,Q,286,P
274,1prg,RA288H,0.06,A,R,288,H
275,1prg,VA290M,0.03,A,V,290,M
276,1prg,RA357A,0.19,A,R,357,A
277,1prg,FA360L,-0.4,A,F,360,L
278,1prg,EA460K,-0.17,A,E,460,K
279,1prg,PA467L,0.11,A,P,467,L
280,1r2y,RA244E,-4.2,A,R,244,E
281,1r6r,LA50S,-2.81,A,L,50,S
282,1r6r,LA54S,-0.24,A,L,54,S
283,1r6r,LA81N,-6.84,A,L,81,N
284,1r6r,IA88N,-0.13,A,I,88,N
285,1spd,CA111S,0.8,A,C,111,S
286,1spd,CA6A,0.1,A,C,6,A
287,1x0j,RA100L,-5.22,A,R,100,L
288,1x0j,EA140K,-3.48,A,E,140,K
289,1x0j,YA153H,-6.49,A,Y,153,H
290,1x0j,DA160N,-4.1,A,D,160,N
291,1x0j,DA160Y,-4.02,A,D,160,Y
292,1x0j,DA161N,-2.21,A,D,161,N
293,1x0j,DA161Y,-3.38,A,D,161,Y
294,1xws,EA124Q,-2.9,A,E,124,Q
295,1xws,EA135K,-4.59,A,E,135,K
296,1xws,EA142D,-3.22,A,E,142,D
297,1xws,YA53H,-3.3,A,Y,53,H
298,1xxn,NA181R,0.358,A,N,181,R
299,1xxn,SA22E,0.239,A,S,22,E
300,1xxn,SA27E,-0.645,A,S,27,E
301,1xxn,NA32D,-0.86,A,N,32,D
302,1xxn,NA54E,-0.645,A,N,54,E
303,1xzo,WA101F,-2.89,A,W,101,F
304,1xzo,WA36A,-8.93,A,W,36,A
305,1xzo,WA36F,-4.25,A,W,36,F
306,1xzo,FA42W,2.87,A,F,42,W
307,2arf,HA1069Q,-0.717,A,H,1069,Q
308,2bjd,VA84D,-4.493,A,V,84,D
309,2bjd,VA84P,-4.517,A,V,84,P
310,2bjd,YA86E,-2.103,A,Y,86,E
311,2c9q,YA79F,-0.012,A,Y,79,F
312,2c9q,YA79W,-1.233,A,Y,79,W
313,2clr,HB13F,0.12,B,H,13,F
314,2clr,HB31F,2.605,B,H,31,F
315,2clr,HB51F,-1.912,B,H,51,F
316,2clr,HB84A,-2.629,B,H,84,A
317,2dvv,RA419W,-0.02,A,R,419,W
318,2dvv,QA443H,0.89,A,Q,443,H
319,2h3f,EA12A,1.07,A,E,12,A
320,2hbb,MA1A,-1.46,A,M,1,A
321,2hbb,KA10E,0.13,A,K,10,E
322,2hbb,KA10M,0.47,A,K,10,M
323,2hbb,KA12A,0.61,A,K,12,A
324,2hbb,KA12G,0.03,A,K,12,G
325,2hbb,KA12M,1.8,A,K,12,M
326,2hbb,KA14A,-0.73,A,K,14,A
327,2hbb,KA14G,-1.3,A,K,14,G
328,2hbb,KA14M,-0.34,A,K,14,M
329,2hbb,KA15G,-1.74,A,K,15,G
330,2hbb,KA15M,-0.44,A,K,15,M
331,2hbb,EA17A,-1.69,A,E,17,A
332,2hbb,EA17Q,-0.33,A,E,17,Q
333,2hbb,IA18A,-2.05,A,I,18,A
334,2hbb,IA18V,-0.07,A,I,18,V
335,2hbb,VA21A,-2.33,A,V,21,A
336,2hbb,AA22G,-0.32,A,A,22,G
337,2hbb,DA23A,-0.03,A,D,23,A
338,2hbb,DA23N,-0.79,A,D,23,N
339,2hbb,GA24A,0.02,A,G,24,A
340,2hbb,AA26G,-1.79,A,A,26,G
341,2hbb,VA3A,-2.55,A,V,3,A
342,2hbb,LA30A,-2.76,A,L,30,A
343,2hbb,FA31A,-2.84,A,F,31,A
344,2hbb,GA34A,-1.02,A,G,34,A
345,2hbb,LA35A,-1.21,A,L,35,A
346,2hbb,AA36G,-1.55,A,A,36,G
347,2hbb,IA37A,-1.28,A,I,37,A
348,2hbb,IA37V,0.09,A,I,37,V
349,2hbb,EA38A,-0.41,A,E,38,A
350,2hbb,EA38Q,-0.68,A,E,38,Q
351,2hbb,AA39G,-1.59,A,A,39,G
352,2hbb,IA4V,-0.59,A,I,4,V
353,2hbb,TA40S,-0.8,A,T,40,S
354,2hbb,AA42G,-0.33,A,A,42,G
355,2hbb,LA44A,-1.73,A,L,44,A
356,2hbb,AA46G,-0.55,A,A,46,G
357,2hbb,LA47A,-0.84,A,L,47,A
358,2hbb,EA48Q,0.07,A,E,48,Q
359,2hbb,AA49G,-0.22,A,A,49,G
360,2hbb,FA5L,-1.15,A,F,5,L
361,2hbb,LA6A,-3.1,A,L,6,A
362,2hbb,KA7M,0.21,A,K,7,M
363,2hbb,DA8A,-1.3,A,D,8,A
364,2hbb,DA8N,-0.38,A,D,8,N
365,2hbb,VA9A,-1.81,A,V,9,A
366,2jie,HA104R,1.536,A,H,104,R
367,2jie,WA123F,2.19,A,W,123,F
368,2jie,WA123H,1.06,A,W,123,H
369,2jie,EA157D,-2.075,A,E,157,D
370,2jie,NA166A,-3.397,A,N,166,A
371,2jie,NA166C,-2.964,A,N,166,C
372,2jie,EA167A,4.247,A,E,167,A
373,2jie,SA17A,-1.246,A,S,17,A
374,2jie,CA170A,2.997,A,C,170,A
375,2jie,CA170Q,2.581,A,C,170,Q
376,2jie,LA174A,-0.79,A,L,174,A
377,2jie,LA174R,0.336,A,L,174,R
378,2jie,TA18A,-0.994,A,T,18,A
379,2jie,SA19A,0.951,A,S,19,A
380,2jie,YA21A,-3.443,A,Y,21,A
381,2jie,QA22S,-0.209,A,Q,22,S
382,2jie,TA221A,3.189,A,T,221,A
383,2jie,NA223A,-0.671,A,N,223,A
384,2jie,NA223G,3.462,A,N,223,G
385,2jie,NA223H,2.583,A,N,223,H
386,2jie,NA223R,3.976,A,N,223,R
387,2jie,NA223Y,5.73,A,N,223,Y
388,2jie,MA224A,-4.098,A,M,224,A
389,2jie,EA225A,-4.36,A,E,225,A
390,2jie,EA225H,-1.515,A,E,225,H
391,2jie,RA243A,-0.166,A,R,243,A
392,2jie,RA243D,0.213,A,R,243,D
393,2jie,RA243K,-1.463,A,R,243,K
394,2jie,IA247E,1.241,A,I,247,E
395,2jie,IA247N,0.974,A,I,247,N
396,2jie,NA296A,-2.25,A,N,296,A
397,2jie,NA296C,-0.017,A,N,296,C
398,2jie,YA297A,1.072,A,Y,297,A
399,2jie,YA297F,-1.853,A,Y,297,F
400,2jie,MA326A,-1.298,A,M,326,A
401,2jie,WA328A,-1.159,A,W,328,A
402,2jie,WA328C,-2.664,A,W,328,C
403,2jie,WA328H,-2.573,A,W,328,H
404,2jie,WA328R,-0.95,A,W,328,R
405,2jie,SA334A,-1.454,A,S,334,A
406,2jie,TA355A,-2.961,A,T,355,A
407,2jie,WA402C,-0.36,A,W,402,C
408,2jie,WA402R,2.615,A,W,402,R
409,2jie,SA403A,0.92,A,S,403,A
410,2jie,NA407A,0.464,A,N,407,A
411,2jie,NA407C,0.143,A,N,407,C
412,2jie,EA409A,0.825,A,E,409,A
413,2jie,EA409D,-0.909,A,E,409,D
414,2jie,WA412Y,0.599,A,W,412,Y
415,2jie,FA418A,-0.165,A,F,418,A
416,2jie,EA426S,0.87,A,E,426,S
417,2juc,RA18A,-1.75,A,R,18,A
418,2juc,CA57D,-2.54,A,C,57,D
419,2juc,CA57S,-0.71,A,C,57,S
420,2kj3,KA229A,1.5,A,K,229,A
421,2kj3,VA239A,1.0,A,V,239,A
422,2kj3,LA241A,1.0,A,L,241,A
423,2kj3,VA264A,1.0,A,V,264,A
424,2kj3,VA267A,0.2,A,V,267,A
425,2kj3,EA272A,1.9,A,E,272,A
426,2kj3,SA273A,1.4,A,S,273,A
427,2kj3,GA278A,-0.8,A,G,278,A
428,2kj3,DA288A,1.2,A,D,288,A
429,2ks4,EA2A,0.23,A,E,2,A
430,2ks4,DA9A,-1.26,A,D,9,A
431,2ltb,RA533Q,-1.1,A,R,533,Q
432,2ltb,RA555Q,-0.36,A,R,555,Q
433,2ltb,RA555W,1.79,A,R,555,W
434,2ltb,LA558P,-1.57,A,L,558,P
435,2ltb,LA569R,-3.11,A,L,569,R
436,2ltb,MA619K,-3.34,A,M,619,K
437,2m5s,DA302A,-4.0,A,D,302,A
438,2m5s,HA305A,-2.0,A,H,305,A
439,2mpc,RA42A,0.62,A,R,42,A
440,2mpc,RA42W,2.08,A,R,42,W
441,2mpc,AA89T,-0.24,A,A,89,T
442,2n7z,PA88A,-0.6,A,P,88,A
443,2nte,RA658C,-2.3,A,R,658,C
444,2nte,IA738V,-2.0,A,I,738,V
445,2ouo,AA420D,0.44,A,A,420,D
446,2pr5,NA107F,0.9,A,N,107,F
447,2pr5,NA107Y,0.8,A,N,107,Y
448,2pr5,DA109E,0.3,A,D,109,E
449,2pr5,MA111F,2.9,A,M,111,F
450,2pr5,VA120I,1.4,A,V,120,I
451,2pr5,NA124F,1.1,A,N,124,F
452,2pr5,NA124Y,2.6,A,N,124,Y
453,2pr5,HA22K,0.3,A,H,22,K
454,2pr5,HA22W,1.2,A,H,22,W
455,2pr5,VA25I,0.4,A,V,25,I
456,2pr5,TA30M,0.5,A,T,30,M
457,2pr5,AA33Y,0.5,A,A,33,Y
458,2pr5,TA50M,-0.5,A,T,50,M
459,2pr5,TA54Y,0.2,A,T,54,Y
460,2pr5,AA81M,-0.4,A,A,81,M
461,2pr5,VA88L,-0.2,A,V,88,L
462,2pr5,VA90I,-0.7,A,V,90,I
463,2ptl,VA18A,-1.22,A,V,18,A
464,2ptl,TA19A,-1.63,A,T,19,A
465,2ptl,IA20A,-4.9,A,I,20,A
466,2ptl,IA20V,-0.56,A,I,20,V
467,2ptl,KA21A,-0.92,A,K,21,A
468,2ptl,AA22G,-2.43,A,A,22,G
469,2ptl,NA23A,-1.87,A,N,23,A
470,2ptl,LA24A,-3.12,A,L,24,A
471,2ptl,IA25A,-1.37,A,I,25,A
472,2ptl,IA25V,-0.47,A,I,25,V
473,2ptl,FA26A,-3.12,A,F,26,A
474,2ptl,FA26L,-0.68,A,F,26,L
475,2ptl,AA27P,0.1,A,A,27,P
476,2ptl,AA27V,-0.83,A,A,27,V
477,2ptl,NA28A,-1.78,A,N,28,A
478,2ptl,GA29A,-1.52,A,G,29,A
479,2ptl,GA29V,-2.53,A,G,29,V
480,2ptl,SA30A,-0.3,A,S,30,A
481,2ptl,TA31A,-1.17,A,T,31,A
482,2ptl,TA33A,-1.11,A,T,33,A
483,2ptl,AA34G,-2.17,A,A,34,G
484,2ptl,AA34V,1.47,A,A,34,V
485,2ptl,EA35A,-0.59,A,E,35,A
486,2ptl,FA36A,-4.15,A,F,36,A
487,2ptl,FA36L,-3.12,A,F,36,L
488,2ptl,KA37A,-0.88,A,K,37,A
489,2ptl,GA38A,-2.08,A,G,38,A
490,2ptl,TA39A,-1.25,A,T,39,A
491,2ptl,FA40G,-3.08,A,F,40,G
492,2ptl,FA40L,-0.38,A,F,40,L
493,2ptl,KA42G,0.16,A,K,42,G
494,2ptl,AA43G,-2.54,A,A,43,G
495,2ptl,TA44A,-1.09,A,T,44,A
496,2ptl,SA45A,0.41,A,S,45,A
497,2ptl,SA45G,-0.82,A,S,45,G
498,2ptl,EA46G,-1.19,A,E,46,G
499,2ptl,EA46I,-1.08,A,E,46,I
500,2ptl,AA47G,-3.1,A,A,47,G
501,2ptl,YA48A,-2.82,A,Y,48,A
502,2ptl,AA49G,-1.32,A,A,49,G
503,2ptl,YA50A,-2.46,A,Y,50,A
504,2ptl,AA51G,-3.12,A,A,51,G
505,2ptl,DA52A,-1.21,A,D,52,A
506,2ptl,DA52G,-2.14,A,D,52,G
507,2ptl,TA53G,-0.17,A,T,53,G
508,2ptl,LA54A,-2.44,A,L,54,A
509,2ptl,KA55A,0.58,A,K,55,A
510,2ptl,KA56A,0.35,A,K,56,A
511,2ptl,NA58A,-0.34,A,N,58,A
512,2ptl,GA59A,-2.23,A,G,59,A
513,2ptl,EA60A,-0.23,A,E,60,A
514,2ptl,TA62A,-0.97,A,T,62,A
515,2ptl,VA63A,-0.92,A,V,63,A
516,2ptl,DA64A,-0.2,A,D,64,A
517,2ptl,VA65A,-1.14,A,V,65,A
518,2ptl,AA66G,-0.49,A,A,66,G
519,2ptl,KA68A,-0.09,A,K,68,A
520,2ptl,GA69A,-2.04,A,G,69,A
521,2ptl,YA70A,-1.66,A,Y,70,A
522,2ptl,YA70L,0.43,A,Y,70,L
523,2ptl,TA71A,-1.83,A,T,71,A
524,2ptl,LA72A,-3.77,A,L,72,A
525,2ptl,NA73A,-1.73,A,N,73,A
526,2ptl,IA74A,-4.72,A,I,74,A
527,2ptl,IA74V,-1.69,A,I,74,V
528,2ptl,KA75A,-0.45,A,K,75,A
529,2ptl,FA76L,-3.34,A,F,76,L
530,2ptl,FA76V,-3.73,A,F,76,V
531,2rpn,VA21K,0.39,A,V,21,K
532,2rpn,EA7L,1.05,A,E,7,L
533,2vy0,DA287A,-5.975,A,D,287,A
534,2vy0,EA53A,-6.597,A,E,53,A
535,2wqg,VA10A,-0.1,A,V,10,A
536,2wqg,VA10G,-0.7,A,V,10,G
537,2wqg,VA11A,0.4,A,V,11,A
538,2wqg,VA11G,0.1,A,V,11,G
539,2wqg,QA12A,-0.6,A,Q,12,A
540,2wqg,QA12G,-2.0,A,Q,12,G
541,2wqg,LA13A,-0.5,A,L,13,A
542,2wqg,KA14A,-0.4,A,K,14,A
543,2wqg,KA14G,-1.9,A,K,14,G
544,2wqg,DA15A,0.3,A,D,15,A
545,2wqg,LA16A,-1.3,A,L,16,A
546,2wqg,KA19A,-0.3,A,K,19,A
547,2wqg,SA23A,-0.6,A,S,23,A
548,2wqg,VA24A,-0.5,A,V,24,A
549,2wqg,KA28A,-0.6,A,K,28,A
550,2wqg,QA33A,0.1,A,Q,33,A
551,2wqg,RA34A,-0.8,A,R,34,A
552,2wqg,IA36A,-0.9,A,I,36,A
553,2wqg,IA36V,-0.3,A,I,36,V
554,2wqg,DA38A,0.1,A,D,38,A
555,2wqg,DA39A,-2.2,A,D,39,A
556,2wqg,DA39N,-2.6,A,D,39,N
557,2wqg,EA40Q,-0.1,A,E,40,Q
558,2wqg,EA41G,-0.4,A,E,41,G
559,2wqg,YA5F,-2.4,A,Y,5,F
560,2wqg,SA6A,0.1,A,S,6,A
561,2wqg,SA6G,-0.2,A,S,6,G
562,2wqg,LA8A,-2.0,A,L,8,A
563,2wqg,TA9S,0.1,A,T,9,S
564,2zta,EA11Q,-0.74,A,E,11,Q
565,2zta,KA15A,-0.41,A,K,15,A
566,2zta,EA20Q,0.2,A,E,20,Q
567,2zta,EA22Q,-1.83,A,E,22,Q
568,2zta,RA25A,-1.66,A,R,25,A
569,2zta,KA27A,-0.91,A,K,27,A
570,2zta,KA28A,-0.06,A,K,28,A
571,2zta,KA8A,-0.39,A,K,8,A
572,3bci,TA153V,-1.137,A,T,153,V
573,3bci,EA96Q,1.369,A,E,96,Q
574,3bn0,IA20V,-1.506,A,I,20,V
575,3c2i,LA100V,-1.11,A,L,100,V
576,3c2i,RA106Q,-0.12,A,R,106,Q
577,3c2i,RA106W,-0.04,A,R,106,W
578,3c2i,RA111G,0.43,A,R,111,G
579,3c2i,RA133C,-0.37,A,R,133,C
580,3c2i,RA133H,-0.24,A,R,133,H
581,3c2i,SA134C,-1.05,A,S,134,C
582,3c2i,PA152R,-1.46,A,P,152,R
583,3c2i,FA155S,-0.43,A,F,155,S
584,3c2i,DA156E,-0.88,A,D,156,E
585,3c2i,TA158A,-0.47,A,T,158,A
586,3c2i,TA158M,-0.25,A,T,158,M
587,3d2a,MA134E,3.02,A,M,134,E
588,3d2a,MA137P,3.34,A,M,137,P
589,3d2a,SA163P,2.11,A,S,163,P
590,3d3b,DA118A,-0.65,A,D,118,A
591,3d3b,DA118E,-0.6,A,D,118,E
592,3d3b,DA118K,-1.6,A,D,118,K
593,3d3b,DA118N,-1.34,A,D,118,N
594,3d3b,DA118R,-1.41,A,D,118,R
595,3dv0,VI129A,-0.7,I,V,129,A
596,3dv0,VI129G,-1.0,I,V,129,G
597,3dv0,II130A,-0.7,I,I,130,A
598,3dv0,II130G,-1.4,I,I,130,G
599,3dv0,II130V,-0.2,I,I,130,V
600,3dv0,AI131G,-1.7,I,A,131,G
601,3dv0,VI135A,-1.5,I,V,135,A
602,3dv0,YI138F,-2.0,I,Y,138,F
603,3dv0,AI139G,-2.3,I,A,139,G
604,3dv0,EI141A,-0.7,I,E,141,A
605,3dv0,EI141Q,-0.4,I,E,141,Q
606,3dv0,VI144A,-2.0,I,V,144,A
607,3dv0,DI145A,-2.1,I,D,145,A
608,3dv0,DI145N,-0.9,I,D,145,N
609,3dv0,II146A,-2.7,I,I,146,A
610,3dv0,II146V,-1.2,I,I,146,V
611,3dv0,VI149A,-2.8,I,V,149,A
612,3dv0,VI149G,-4.1,I,V,149,G
613,3dv0,VI158A,-3.2,I,V,158,A
614,3dv0,LI159A,-2.0,I,L,159,A
615,3dv0,LI159G,-1.9,I,L,159,G
616,3dv0,LI159V,-0.6,I,L,159,V
617,3dv0,DI162N,-2.0,I,D,162,N
618,3dv0,II163V,-0.5,I,I,163,V
619,3dv0,DI164A,-2.3,I,D,164,A
620,3dv0,DI164G,-3.7,I,D,164,G
621,3dv0,DI164N,-1.9,I,D,164,N
622,3dv0,AI165G,-0.9,I,A,165,G
623,3dv0,LI167A,-1.2,I,L,167,A
624,3dv0,LI167V,-0.2,I,L,167,V
625,3dv0,AI168G,-0.3,I,A,168,G
626,3ecu,HA46R,0.8,A,H,46,R
627,3fis,PA61A,-0.5,A,P,61,A
628,3g1g,DA155Y,0.34,A,D,155,Y
629,3g1g,FA167Y,-0.74,A,F,167,Y
630,3g1g,RA185W,1.32,A,R,185,W
631,3g1g,IA190V,-0.17,A,I,190,V
632,3k82,EA334L,-3.35,A,E,334,L
633,3k82,EA334Q,-1.68,A,E,334,Q
634,3k82,EA401R,5.49,A,E,401,R
635,3l15,YB442H,-3.23,B,Y,442,H
636,3mon,WB3C,-2.866,B,W,3,C
637,3mon,RB39G,1.194,B,R,39,G
638,3o39,QA100L,-2.0,A,Q,100,L
639,3o39,FA115I,-1.81,A,F,115,I
640,3o39,FA115L,-1.64,A,F,115,L
641,3o39,LA32P,-3.25,A,L,32,P
642,3o39,QA49L,-0.05,A,Q,49,L
643,3o39,HA96L,-0.58,A,H,96,L
644,3s4m,DA122Y,-1.3,A,D,122,Y
645,3s4m,GA130V,-2.5,A,G,130,V
646,3s4m,IA154F,0.096,A,I,154,F
647,3s4m,WA155R,-0.693,A,W,155,R
648,3s92,HA395R,2.03,A,H,395,R
649,4bjx,AA89V,0.99,A,A,89,V
650,4buq,YA137A,0.89,A,Y,137,A
651,4buq,YA48A,-1.435,A,Y,48,A
652,4he7,AA19D,-0.24,A,A,19,D
653,4he7,AA19G,0.06,A,A,19,G
654,4he7,AA19K,-0.46,A,A,19,K
655,4n6v,P036G,-1.362,0,P,36,G
656,4n6v,H075W,0.574,0,H,75,W
657,4n6v,P079S,1.745,0,P,79,S
658,4waa,RA27A,-0.44,A,R,27,A
659,4waa,KA65A,0.1,A,K,65,A
660,4waa,KA67A,-2.07,A,K,67,A
661,4yee,VA134T,-0.71,A,V,134,T
662,4yef,TA134V,-0.93,A,T,134,V
663,5jxb,DA329G,-1.44,A,D,329,G
664,5jxb,DA329P,-1.44,A,D,329,P
665,5oaq,YA429H,-2.99,A,Y,429,H
666,5vp3,SA128G,-0.378,A,S,128,G
667,5vp3,VA183T,0.354,A,V,183,T
668,5vp3,RA39K,0.413,A,R,39,K
